,GRID_TYPE,GAME_ID,GAME_EVENT_ID,PLAYER_ID,PLAYER_NAME,TEAM_ID,TEAM_NAME,PERIOD,MINUTES_REMAINING,SECONDS_REMAINING,EVENT_TYPE,ACTION_TYPE,SHOT_TYPE,SHOT_ZONE_BASIC,SHOT_ZONE_AREA,SHOT_ZONE_RANGE,SHOT_DISTANCE,LOC_X,LOC_Y,SHOT_ATTEMPTED_FLAG,SHOT_MADE_FLAG,GAME_DATE,HTM,VTM,Game #
417,Shot Chart Detail,41700401,11,2544,LeBron James,1610612739,Cleveland Cavaliers,1,11,10,Made Shot,Driving Finger Roll Layup Shot,2PT Field Goal,Restricted Area,Center(C),Less Than 8 ft.,2,12,24,1,1,20180531,GSW,CLE,1.0
418,Shot Chart Detail,41700401,43,2544,LeBron James,1610612739,Cleveland Cavaliers,1,7,42,Made Shot,Jump Shot,3PT Field Goal,Above the Break 3,Center(C),24+ ft.,26,78,255,1,1,20180531,GSW,CLE,1.0
419,Shot Chart Detail,41700401,46,2544,LeBron James,1610612739,Cleveland Cavaliers,1,7,18,Made Shot,Running Jump Shot,2PT Field Goal,In The Paint (Non-RA),Center(C),Less Than 8 ft.,4,-3,46,1,1,20180531,GSW,CLE,1.0
420,Shot Chart Detail,41700401,66,2544,LeBron James,1610612739,Cleveland Cavaliers,1,5,44,Made Shot,Pullup Jump shot,2PT Field Goal,Mid-Range,Right Side Center(RC),16-24 ft.,21,116,176,1,1,20180531,GSW,CLE,1.0
421,Shot Chart Detail,41700401,153,2544,LeBron James,1610612739,Cleveland Cavaliers,2,11,41,Made Shot,Driving Dunk Shot,2PT Field Goal,Restricted Area,Center(C),Less Than 8 ft.,1,6,15,1,1,20180531,GSW,CLE,1.0
422,Shot Chart Detail,41700401,169,2544,LeBron James,1610612739,Cleveland Cavaliers,2,10,13,Made Shot,Pullup Jump shot,2PT Field Goal,Mid-Range,Left Side Center(LC),16-24 ft.,21,-161,136,1,1,20180531,GSW,CLE,1.0
423,Shot Chart Detail,41700401,177,2544,LeBron James,1610612739,Cleveland Cavaliers,2,9,0,Missed Shot,Fadeaway Jump Shot,2PT Field Goal,Mid-Range,Left Side(L),8-16 ft.,15,-114,100,1,0,20180531,GSW,CLE,1.0
424,Shot Chart Detail,41700401,191,2544,LeBron James,1610612739,Cleveland Cavaliers,2,7,55,Made Shot,Driving Finger Roll Layup Shot,2PT Field Goal,Restricted Area,Center(C),Less Than 8 ft.,1,13,10,1,1,20180531,GSW,CLE,1.0
425,Shot Chart Detail,41700401,199,2544,LeBron James,1610612739,Cleveland Cavaliers,2,7,22,Made Shot,Driving Finger Roll Layup Shot,2PT Field Goal,Mid-Range,Right Side(R),8-16 ft.,9,90,36,1,1,20180531,GSW,CLE,1.0
426,Shot Chart Detail,41700401,262,2544,LeBron James,1610612739,Cleveland Cavaliers,2,2,3,Missed Shot,Driving Layup Shot,2PT Field Goal,Restricted Area,Center(C),Less Than 8 ft.,3,-19,25,1,0,20180531,GSW,CLE,1.0
427,Shot Chart Detail,41700401,266,2544,LeBron James,1610612739,Cleveland Cavaliers,2,1,57,Made Shot,Tip Layup Shot,2PT Field Goal,Restricted Area,Center(C),Less Than 8 ft.,0,0,-6,1,1,20180531,GSW,CLE,1.0
428,Shot Chart Detail,41700401,357,2544,LeBron James,1610612739,Cleveland Cavaliers,3,6,24,Made Shot,Running Pull-Up Jump Shot,2PT Field Goal,Mid-Range,Center(C),16-24 ft.,23,-4,230,1,1,20180531,GSW,CLE,1.0
429,Shot Chart Detail,41700401,366,2544,LeBron James,1610612739,Cleveland Cavaliers,3,5,27,Made Shot,Pullup Jump shot,3PT Field Goal,Above the Break 3,Center(C),24+ ft.,27,8,278,1,1,20180531,GSW,CLE,1.0
430,Shot Chart Detail,41700401,379,2544,LeBron James,1610612739,Cleveland Cavaliers,3,4,36,Missed Shot,Jump Shot,2PT Field Goal,In The Paint (Non-RA),Center(C),8-16 ft.,11,-40,113,1,0,20180531,GSW,CLE,1.0
431,Shot Chart Detail,41700401,382,2544,LeBron James,1610612739,Cleveland Cavaliers,3,4,32,Made Shot,Turnaround Jump Shot,2PT Field Goal,In The Paint (Non-RA),Center(C),8-16 ft.,10,-39,101,1,1,20180531,GSW,CLE,1.0
432,Shot Chart Detail,41700401,385,2544,LeBron James,1610612739,Cleveland Cavaliers,3,4,16,Made Shot,Pullup Jump shot,3PT Field Goal,Above the Break 3,Left Side Center(LC),24+ ft.,32,-174,279,1,1,20180531,GSW,CLE,1.0
433,Shot Chart Detail,41700401,387,2544,LeBron James,1610612739,Cleveland Cavaliers,3,3,46,Missed Shot,Driving Floating Jump Shot,2PT Field Goal,In The Paint (Non-RA),Center(C),Less Than 8 ft.,6,-12,60,1,0,20180531,GSW,CLE,1.0
434,Shot Chart Detail,41700401,391,2544,LeBron James,1610612739,Cleveland Cavaliers,3,3,32,Missed Shot,Jump Shot,3PT Field Goal,Above the Break 3,Right Side Center(RC),24+ ft.,26,176,201,1,0,20180531,GSW,CLE,1.0
435,Shot Chart Detail,41700401,397,2544,LeBron James,1610612739,Cleveland Cavaliers,3,3,14,Missed Shot,Driving Floating Jump Shot,2PT Field Goal,In The Paint (Non-RA),Center(C),8-16 ft.,11,-54,104,1,0,20180531,GSW,CLE,1.0
436,Shot Chart Detail,41700401,415,2544,LeBron James,1610612739,Cleveland Cavaliers,3,1,59,Missed Shot,Driving Floating Jump Shot,2PT Field Goal,In The Paint (Non-RA),Center(C),Less Than 8 ft.,5,-32,46,1,0,20180531,GSW,CLE,1.0
437,Shot Chart Detail,41700401,419,2544,LeBron James,1610612739,Cleveland Cavaliers,3,1,22,Missed Shot,Step Back Jump shot,3PT Field Goal,Above the Break 3,Center(C),24+ ft.,27,-2,273,1,0,20180531,GSW,CLE,1.0
438,Shot Chart Detail,41700401,484,2544,LeBron James,1610612739,Cleveland Cavaliers,4,9,48,Made Shot,Cutting Dunk Shot,2PT Field Goal,Restricted Area,Center(C),Less Than 8 ft.,3,2,33,1,1,20180531,GSW,CLE,1.0
439,Shot Chart Detail,41700401,512,2544,LeBron James,1610612739,Cleveland Cavaliers,4,7,31,Made Shot,Driving Layup Shot,2PT Field Goal,Restricted Area,Center(C),Less Than 8 ft.,2,9,22,1,1,20180531,GSW,CLE,1.0
440,Shot Chart Detail,41700401,523,2544,LeBron James,1610612739,Cleveland Cavaliers,4,6,17,Missed Shot,Step Back Jump shot,3PT Field Goal,Above the Break 3,Left Side Center(LC),24+ ft.,26,-116,237,1,0,20180531,GSW,CLE,1.0
441,Shot Chart Detail,41700401,550,2544,LeBron James,1610612739,Cleveland Cavaliers,4,3,37,Made Shot,Driving Reverse Layup Shot,2PT Field Goal,Restricted Area,Center(C),Less Than 8 ft.,2,3,23,1,1,20180531,GSW,CLE,1.0
442,Shot Chart Detail,41700401,554,2544,LeBron James,1610612739,Cleveland Cavaliers,4,2,54,Made Shot,Driving Dunk Shot,2PT Field Goal,Restricted Area,Center(C),Less Than 8 ft.,1,4,16,1,1,20180531,GSW,CLE,1.0
443,Shot Chart Detail,41700401,566,2544,LeBron James,1610612739,Cleveland Cavaliers,4,0,50,Made Shot,Driving Layup Shot,2PT Field Goal,Restricted Area,Center(C),Less Than 8 ft.,2,13,26,1,1,20180531,GSW,CLE,1.0
444,Shot Chart Detail,41700401,590,2544,LeBron James,1610612739,Cleveland Cavaliers,4,0,32,Made Shot,Driving Layup Shot,2PT Field Goal,In The Paint (Non-RA),Center(C),Less Than 8 ft.,4,3,46,1,1,20180531,GSW,CLE,1.0
445,Shot Chart Detail,41700401,634,2544,LeBron James,1610612739,Cleveland Cavaliers,5,2,34,Missed Shot,Fadeaway Jump Shot,2PT Field Goal,Mid-Range,Left Side Center(LC),16-24 ft.,17,-68,160,1,0,20180531,GSW,CLE,1.0
446,Shot Chart Detail,41700401,638,2544,LeBron James,1610612739,Cleveland Cavaliers,5,2,2,Missed Shot,Driving Floating Jump Shot,2PT Field Goal,Mid-Range,Left Side Center(LC),16-24 ft.,18,-93,164,1,0,20180531,GSW,CLE,1.0
447,Shot Chart Detail,41700401,643,2544,LeBron James,1610612739,Cleveland Cavaliers,5,1,28,Missed Shot,Driving Layup Shot,2PT Field Goal,In The Paint (Non-RA),Center(C),Less Than 8 ft.,6,-16,67,1,0,20180531,GSW,CLE,1.0
448,Shot Chart Detail,41700401,653,2544,LeBron James,1610612739,Cleveland Cavaliers,5,0,57,Missed Shot,Pullup Jump shot,3PT Field Goal,Above the Break 3,Center(C),24+ ft.,30,-65,300,1,0,20180531,GSW,CLE,1.0
449,Shot Chart Detail,41700402,18,2544,LeBron James,1610612739,Cleveland Cavaliers,1,10,41,Made Shot,Driving Layup Shot,2PT Field Goal,Restricted Area,Center(C),Less Than 8 ft.,2,9,24,1,1,20180603,GSW,CLE,2.0
450,Shot Chart Detail,41700402,52,2544,LeBron James,1610612739,Cleveland Cavaliers,1,7,3,Made Shot,Driving Layup Shot,2PT Field Goal,Restricted Area,Center(C),Less Than 8 ft.,3,-18,24,1,1,20180603,GSW,CLE,2.0
451,Shot Chart Detail,41700402,122,2544,LeBron James,1610612739,Cleveland Cavaliers,1,2,22,Made Shot,Running Alley Oop Layup Shot,2PT Field Goal,Restricted Area,Center(C),Less Than 8 ft.,1,-2,17,1,1,20180603,GSW,CLE,2.0
452,Shot Chart Detail,41700402,136,2544,LeBron James,1610612739,Cleveland Cavaliers,1,1,22,Missed Shot,Pullup Jump shot,2PT Field Goal,Mid-Range,Center(C),16-24 ft.,20,1,203,1,0,20180603,GSW,CLE,2.0
453,Shot Chart Detail,41700402,193,2544,LeBron James,1610612739,Cleveland Cavaliers,2,10,40,Missed Shot,Hook Shot,2PT Field Goal,Restricted Area,Center(C),Less Than 8 ft.,3,-2,38,1,0,20180603,GSW,CLE,2.0
454,Shot Chart Detail,41700402,202,2544,LeBron James,1610612739,Cleveland Cavaliers,2,9,43,Missed Shot,Hook Shot,2PT Field Goal,In The Paint (Non-RA),Center(C),Less Than 8 ft.,5,-6,55,1,0,20180603,GSW,CLE,2.0
455,Shot Chart Detail,41700402,266,2544,LeBron James,1610612739,Cleveland Cavaliers,2,5,53,Missed Shot,Driving Layup Shot,2PT Field Goal,In The Paint (Non-RA),Center(C),Less Than 8 ft.,7,9,73,1,0,20180603,GSW,CLE,2.0
456,Shot Chart Detail,41700402,299,2544,LeBron James,1610612739,Cleveland Cavaliers,2,3,40,Missed Shot,Running Layup Shot,2PT Field Goal,In The Paint (Non-RA),Center(C),Less Than 8 ft.,4,-6,41,1,0,20180603,GSW,CLE,2.0
457,Shot Chart Detail,41700402,318,2544,LeBron James,1610612739,Cleveland Cavaliers,2,2,16,Made Shot,Running Layup Shot,2PT Field Goal,Restricted Area,Center(C),Less Than 8 ft.,1,-4,15,1,1,20180603,GSW,CLE,2.0
458,Shot Chart Detail,41700402,333,2544,LeBron James,1610612739,Cleveland Cavaliers,2,0,47,Missed Shot,Jump Shot,2PT Field Goal,Mid-Range,Right Side(R),16-24 ft.,17,175,27,1,0,20180603,GSW,CLE,2.0
459,Shot Chart Detail,41700402,340,2544,LeBron James,1610612739,Cleveland Cavaliers,2,0,11,Made Shot,Driving Reverse Layup Shot,2PT Field Goal,Restricted Area,Center(C),Less Than 8 ft.,2,-15,16,1,1,20180603,GSW,CLE,2.0
460,Shot Chart Detail,41700402,362,2544,LeBron James,1610612739,Cleveland Cavaliers,3,11,17,Missed Shot,Step Back Jump shot,3PT Field Goal,Above the Break 3,Left Side Center(LC),24+ ft.,26,-150,215,1,0,20180603,GSW,CLE,2.0
461,Shot Chart Detail,41700402,394,2544,LeBron James,1610612739,Cleveland Cavaliers,3,8,10,Made Shot,Driving Layup Shot,2PT Field Goal,Restricted Area,Center(C),Less Than 8 ft.,1,-3,11,1,1,20180603,GSW,CLE,2.0
462,Shot Chart Detail,41700402,399,2544,LeBron James,1610612739,Cleveland Cavaliers,3,7,29,Missed Shot,Jump Shot,3PT Field Goal,Above the Break 3,Right Side Center(RC),24+ ft.,26,228,131,1,0,20180603,GSW,CLE,2.0
463,Shot Chart Detail,41700402,402,2544,LeBron James,1610612739,Cleveland Cavaliers,3,6,55,Made Shot,Fadeaway Jump Shot,3PT Field Goal,Above the Break 3,Center(C),24+ ft.,28,8,286,1,1,20180603,GSW,CLE,2.0
464,Shot Chart Detail,41700402,448,2544,LeBron James,1610612739,Cleveland Cavaliers,3,2,55,Made Shot,Driving Layup Shot,2PT Field Goal,Restricted Area,Center(C),Less Than 8 ft.,0,-3,8,1,1,20180603,GSW,CLE,2.0
465,Shot Chart Detail,41700402,524,2544,LeBron James,1610612739,Cleveland Cavaliers,4,11,4,Made Shot,Pullup Jump shot,3PT Field Goal,Above the Break 3,Center(C),24+ ft.,28,-17,289,1,1,20180603,GSW,CLE,2.0
466,Shot Chart Detail,41700402,554,2544,LeBron James,1610612739,Cleveland Cavaliers,4,8,21,Made Shot,Driving Dunk Shot,2PT Field Goal,Restricted Area,Center(C),Less Than 8 ft.,1,-5,13,1,1,20180603,GSW,CLE,2.0
467,Shot Chart Detail,41700402,585,2544,LeBron James,1610612739,Cleveland Cavaliers,4,5,30,Missed Shot,Jump Shot,2PT Field Goal,In The Paint (Non-RA),Center(C),Less Than 8 ft.,4,-25,38,1,0,20180603,GSW,CLE,2.0
468,Shot Chart Detail,41700402,592,2544,LeBron James,1610612739,Cleveland Cavaliers,4,5,1,Missed Shot,Driving Layup Shot,2PT Field Goal,In The Paint (Non-RA),Center(C),Less Than 8 ft.,4,-18,39,1,0,20180603,GSW,CLE,2.0
828,Shot Chart Detail,41700401,12,201142,Kevin Durant,1610612744,Golden State Warriors,1,10,50,Missed Shot,Turnaround Fadeaway shot,2PT Field Goal,Mid-Range,Left Side(L),8-16 ft.,13,-133,41,1,0,20180531,GSW,CLE,1.0
829,Shot Chart Detail,41700401,30,201142,Kevin Durant,1610612744,Golden State Warriors,1,9,3,Made Shot,Driving Floating Jump Shot,2PT Field Goal,In The Paint (Non-RA),Center(C),Less Than 8 ft.,7,-9,73,1,1,20180531,GSW,CLE,1.0
830,Shot Chart Detail,41700401,34,201142,Kevin Durant,1610612744,Golden State Warriors,1,8,37,Made Shot,Running Alley Oop Dunk Shot,2PT Field Goal,Restricted Area,Center(C),Less Than 8 ft.,2,10,22,1,1,20180531,GSW,CLE,1.0
831,Shot Chart Detail,41700401,98,201142,Kevin Durant,1610612744,Golden State Warriors,1,3,42,Missed Shot,Pullup Jump shot,3PT Field Goal,Above the Break 3,Right Side Center(RC),24+ ft.,26,105,248,1,0,20180531,GSW,CLE,1.0
832,Shot Chart Detail,41700401,135,201142,Kevin Durant,1610612744,Golden State Warriors,1,0,45,Missed Shot,Layup Shot,2PT Field Goal,In The Paint (Non-RA),Center(C),Less Than 8 ft.,7,-68,28,1,0,20180531,GSW,CLE,1.0
833,Shot Chart Detail,41700401,132,201142,Kevin Durant,1610612744,Golden State Warriors,1,0,2,Missed Shot,Pullup Jump shot,3PT Field Goal,Above the Break 3,Left Side Center(LC),24+ ft.,28,-116,257,1,0,20180531,GSW,CLE,1.0
834,Shot Chart Detail,41700401,189,201142,Kevin Durant,1610612744,Golden State Warriors,2,8,9,Missed Shot,Pullup Jump shot,3PT Field Goal,Above the Break 3,Left Side Center(LC),24+ ft.,28,-158,232,1,0,20180531,GSW,CLE,1.0
835,Shot Chart Detail,41700401,197,201142,Kevin Durant,1610612744,Golden State Warriors,2,7,42,Missed Shot,Pullup Jump shot,2PT Field Goal,Mid-Range,Right Side Center(RC),16-24 ft.,17,108,132,1,0,20180531,GSW,CLE,1.0
836,Shot Chart Detail,41700401,251,201142,Kevin Durant,1610612744,Golden State Warriors,2,2,35,Missed Shot,Turnaround Fadeaway shot,2PT Field Goal,Mid-Range,Right Side(R),8-16 ft.,15,106,112,1,0,20180531,GSW,CLE,1.0
837,Shot Chart Detail,41700401,260,201142,Kevin Durant,1610612744,Golden State Warriors,2,2,18,Made Shot,Step Back Jump shot,3PT Field Goal,Above the Break 3,Right Side Center(RC),24+ ft.,25,143,217,1,1,20180531,GSW,CLE,1.0
838,Shot Chart Detail,41700401,276,201142,Kevin Durant,1610612744,Golden State Warriors,2,1,23,Made Shot,Running Dunk Shot,2PT Field Goal,Restricted Area,Center(C),Less Than 8 ft.,2,-14,22,1,1,20180531,GSW,CLE,1.0
839,Shot Chart Detail,41700401,303,201142,Kevin Durant,1610612744,Golden State Warriors,3,11,44,Made Shot,Turnaround Fadeaway shot,2PT Field Goal,In The Paint (Non-RA),Center(C),8-16 ft.,12,34,121,1,1,20180531,GSW,CLE,1.0
840,Shot Chart Detail,41700401,347,201142,Kevin Durant,1610612744,Golden State Warriors,3,7,11,Made Shot,Turnaround Fadeaway shot,2PT Field Goal,In The Paint (Non-RA),Center(C),8-16 ft.,9,14,96,1,1,20180531,GSW,CLE,1.0
841,Shot Chart Detail,41700401,355,201142,Kevin Durant,1610612744,Golden State Warriors,3,6,35,Missed Shot,Turnaround Fadeaway shot,2PT Field Goal,In The Paint (Non-RA),Center(C),8-16 ft.,12,46,113,1,0,20180531,GSW,CLE,1.0
842,Shot Chart Detail,41700401,360,201142,Kevin Durant,1610612744,Golden State Warriors,3,6,3,Missed Shot,Driving Layup Shot,2PT Field Goal,Restricted Area,Center(C),Less Than 8 ft.,1,-6,16,1,0,20180531,GSW,CLE,1.0
843,Shot Chart Detail,41700401,370,201142,Kevin Durant,1610612744,Golden State Warriors,3,5,9,Missed Shot,Fadeaway Jump Shot,2PT Field Goal,Mid-Range,Right Side(R),8-16 ft.,12,122,11,1,0,20180531,GSW,CLE,1.0
844,Shot Chart Detail,41700401,410,201142,Kevin Durant,1610612744,Golden State Warriors,3,2,39,Made Shot,Turnaround Fadeaway shot,2PT Field Goal,Mid-Range,Left Side(L),8-16 ft.,9,-95,29,1,1,20180531,GSW,CLE,1.0
845,Shot Chart Detail,41700401,433,201142,Kevin Durant,1610612744,Golden State Warriors,3,0,46,Made Shot,Cutting Dunk Shot,2PT Field Goal,Restricted Area,Center(C),Less Than 8 ft.,1,1,14,1,1,20180531,GSW,CLE,1.0
846,Shot Chart Detail,41700401,505,201142,Kevin Durant,1610612744,Golden State Warriors,4,8,34,Missed Shot,Pullup Jump shot,3PT Field Goal,Above the Break 3,Center(C),24+ ft.,24,-65,239,1,0,20180531,GSW,CLE,1.0
847,Shot Chart Detail,41700401,510,201142,Kevin Durant,1610612744,Golden State Warriors,4,7,52,Missed Shot,Jump Shot,3PT Field Goal,Above the Break 3,Right Side Center(RC),24+ ft.,25,188,176,1,0,20180531,GSW,CLE,1.0
848,Shot Chart Detail,41700401,551,201142,Kevin Durant,1610612744,Golden State Warriors,4,3,13,Missed Shot,Step Back Jump shot,3PT Field Goal,Above the Break 3,Left Side Center(LC),24+ ft.,24,-194,155,1,0,20180531,GSW,CLE,1.0
849,Shot Chart Detail,41700401,564,201142,Kevin Durant,1610612744,Golden State Warriors,4,1,9,Missed Shot,Fadeaway Jump Shot,2PT Field Goal,Mid-Range,Right Side Center(RC),16-24 ft.,19,98,171,1,0,20180531,GSW,CLE,1.0
850,Shot Chart Detail,41700402,20,201142,Kevin Durant,1610612744,Golden State Warriors,1,10,23,Made Shot,Driving Layup Shot,2PT Field Goal,Restricted Area,Center(C),Less Than 8 ft.,1,-9,12,1,1,20180603,GSW,CLE,2.0
851,Shot Chart Detail,41700402,51,201142,Kevin Durant,1610612744,Golden State Warriors,1,7,10,Made Shot,Turnaround Fadeaway shot,2PT Field Goal,In The Paint (Non-RA),Center(C),8-16 ft.,10,-29,100,1,1,20180603,GSW,CLE,2.0
852,Shot Chart Detail,41700402,57,201142,Kevin Durant,1610612744,Golden State Warriors,1,6,49,Made Shot,Turnaround Fadeaway shot,2PT Field Goal,In The Paint (Non-RA),Center(C),8-16 ft.,12,60,104,1,1,20180603,GSW,CLE,2.0
853,Shot Chart Detail,41700402,186,201142,Kevin Durant,1610612744,Golden State Warriors,2,11,17,Made Shot,Turnaround Fadeaway shot,2PT Field Goal,Mid-Range,Right Side(R),8-16 ft.,15,151,33,1,1,20180603,GSW,CLE,2.0
854,Shot Chart Detail,41700402,200,201142,Kevin Durant,1610612744,Golden State Warriors,2,10,2,Made Shot,Pullup Jump shot,3PT Field Goal,Above the Break 3,Center(C),24+ ft.,27,-8,279,1,1,20180603,GSW,CLE,2.0
855,Shot Chart Detail,41700402,243,201142,Kevin Durant,1610612744,Golden State Warriors,2,7,33,Missed Shot,Fadeaway Jump Shot,2PT Field Goal,Mid-Range,Right Side(R),16-24 ft.,17,161,62,1,0,20180603,GSW,CLE,2.0
856,Shot Chart Detail,41700402,376,201142,Kevin Durant,1610612744,Golden State Warriors,3,9,37,Made Shot,Pullup Jump shot,3PT Field Goal,Above the Break 3,Center(C),24+ ft.,26,3,260,1,1,20180603,GSW,CLE,2.0
857,Shot Chart Detail,41700402,421,201142,Kevin Durant,1610612744,Golden State Warriors,3,5,33,Made Shot,Pullup Jump shot,2PT Field Goal,Mid-Range,Right Side(R),8-16 ft.,15,94,126,1,1,20180603,GSW,CLE,2.0
858,Shot Chart Detail,41700402,441,201142,Kevin Durant,1610612744,Golden State Warriors,3,3,39,Missed Shot,Jump Shot,2PT Field Goal,Mid-Range,Left Side Center(LC),16-24 ft.,18,-81,164,1,0,20180603,GSW,CLE,2.0
859,Shot Chart Detail,41700402,464,201142,Kevin Durant,1610612744,Golden State Warriors,3,2,0,Made Shot,Pullup Jump shot,2PT Field Goal,In The Paint (Non-RA),Left Side(L),8-16 ft.,11,-63,95,1,1,20180603,GSW,CLE,2.0
860,Shot Chart Detail,41700402,484,201142,Kevin Durant,1610612744,Golden State Warriors,3,0,42,Missed Shot,Pullup Jump shot,3PT Field Goal,Above the Break 3,Center(C),24+ ft.,26,-8,263,1,0,20180603,GSW,CLE,2.0
861,Shot Chart Detail,41700402,562,201142,Kevin Durant,1610612744,Golden State Warriors,4,7,12,Made Shot,Turnaround Fadeaway shot,2PT Field Goal,Mid-Range,Right Side(R),8-16 ft.,11,110,17,1,1,20180603,GSW,CLE,2.0
862,Shot Chart Detail,41700402,575,201142,Kevin Durant,1610612744,Golden State Warriors,4,6,18,Missed Shot,Turnaround Jump Shot,2PT Field Goal,In The Paint (Non-RA),Center(C),8-16 ft.,11,50,109,1,0,20180603,GSW,CLE,2.0
863,Shot Chart Detail,41700402,587,201142,Kevin Durant,1610612744,Golden State Warriors,4,5,15,Made Shot,Cutting Dunk Shot,2PT Field Goal,Restricted Area,Center(C),Less Than 8 ft.,1,-9,13,1,1,20180603,GSW,CLE,2.0
1541,Shot Chart Detail,41700401,15,202691,Klay Thompson,1610612744,Golden State Warriors,1,10,29,Missed Shot,Jump Shot,3PT Field Goal,Left Corner 3,Left Side(L),24+ ft.,23,-232,18,1,0,20180531,GSW,CLE,1.0
1542,Shot Chart Detail,41700401,38,202691,Klay Thompson,1610612744,Golden State Warriors,1,8,13,Made Shot,Fadeaway Jump Shot,2PT Field Goal,Mid-Range,Right Side Center(RC),16-24 ft.,16,120,110,1,1,20180531,GSW,CLE,1.0
1543,Shot Chart Detail,41700401,47,202691,Klay Thompson,1610612744,Golden State Warriors,1,7,4,Missed Shot,Jump Shot,3PT Field Goal,Left Corner 3,Left Side(L),24+ ft.,23,-230,20,1,0,20180531,GSW,CLE,1.0
1544,Shot Chart Detail,41700401,151,202691,Klay Thompson,1610612744,Golden State Warriors,2,11,51,Missed Shot,Jump Shot,3PT Field Goal,Above the Break 3,Right Side Center(RC),24+ ft.,28,140,252,1,0,20180531,GSW,CLE,1.0
1545,Shot Chart Detail,41700401,201,202691,Klay Thompson,1610612744,Golden State Warriors,2,7,5,Made Shot,Jump Shot,3PT Field Goal,Above the Break 3,Right Side Center(RC),24+ ft.,25,222,127,1,1,20180531,GSW,CLE,1.0
1546,Shot Chart Detail,41700401,222,202691,Klay Thompson,1610612744,Golden State Warriors,2,5,36,Missed Shot,Pullup Jump shot,2PT Field Goal,Mid-Range,Left Side Center(LC),16-24 ft.,18,-109,148,1,0,20180531,GSW,CLE,1.0
1547,Shot Chart Detail,41700401,226,202691,Klay Thompson,1610612744,Golden State Warriors,2,5,1,Made Shot,Jump Shot,3PT Field Goal,Above the Break 3,Center(C),24+ ft.,27,-8,277,1,1,20180531,GSW,CLE,1.0
1548,Shot Chart Detail,41700401,233,202691,Klay Thompson,1610612744,Golden State Warriors,2,4,0,Missed Shot,Driving Floating Jump Shot,2PT Field Goal,Mid-Range,Right Side(R),8-16 ft.,12,111,47,1,0,20180531,GSW,CLE,1.0
1549,Shot Chart Detail,41700401,319,202691,Klay Thompson,1610612744,Golden State Warriors,3,9,37,Missed Shot,Pullup Jump shot,3PT Field Goal,Above the Break 3,Left Side Center(LC),24+ ft.,24,-192,153,1,0,20180531,GSW,CLE,1.0
1550,Shot Chart Detail,41700401,325,202691,Klay Thompson,1610612744,Golden State Warriors,3,9,2,Made Shot,Running Layup Shot,2PT Field Goal,Restricted Area,Center(C),Less Than 8 ft.,1,-13,3,1,1,20180531,GSW,CLE,1.0
1551,Shot Chart Detail,41700401,343,202691,Klay Thompson,1610612744,Golden State Warriors,3,7,17,Missed Shot,Step Back Jump shot,2PT Field Goal,Mid-Range,Left Side(L),8-16 ft.,10,-107,3,1,0,20180531,GSW,CLE,1.0
1552,Shot Chart Detail,41700401,383,202691,Klay Thompson,1610612744,Golden State Warriors,3,4,22,Missed Shot,Jump Shot,3PT Field Goal,Above the Break 3,Right Side Center(RC),24+ ft.,27,186,208,1,0,20180531,GSW,CLE,1.0
1553,Shot Chart Detail,41700401,417,202691,Klay Thompson,1610612744,Golden State Warriors,3,1,46,Made Shot,Jump Shot,3PT Field Goal,Above the Break 3,Left Side Center(LC),24+ ft.,25,-222,120,1,1,20180531,GSW,CLE,1.0
1554,Shot Chart Detail,41700401,482,202691,Klay Thompson,1610612744,Golden State Warriors,4,10,7,Made Shot,Pullup Jump shot,2PT Field Goal,In The Paint (Non-RA),Center(C),8-16 ft.,12,7,121,1,1,20180531,GSW,CLE,1.0
1555,Shot Chart Detail,41700401,622,202691,Klay Thompson,1610612744,Golden State Warriors,5,3,45,Made Shot,Jump Shot,3PT Field Goal,Right Corner 3,Right Side(R),24+ ft.,23,235,-16,1,1,20180531,GSW,CLE,1.0
1556,Shot Chart Detail,41700401,651,202691,Klay Thompson,1610612744,Golden State Warriors,5,1,4,Made Shot,Jump Shot,3PT Field Goal,Left Corner 3,Left Side(L),24+ ft.,23,-222,69,1,1,20180531,GSW,CLE,1.0
1557,Shot Chart Detail,41700402,29,202691,Klay Thompson,1610612744,Golden State Warriors,1,9,23,Made Shot,Cutting Finger Roll Layup Shot,2PT Field Goal,Restricted Area,Center(C),Less Than 8 ft.,2,19,12,1,1,20180603,GSW,CLE,2.0
1558,Shot Chart Detail,41700402,33,202691,Klay Thompson,1610612744,Golden State Warriors,1,8,47,Made Shot,Pullup Jump shot,3PT Field Goal,Above the Break 3,Right Side Center(RC),24+ ft.,25,210,153,1,1,20180603,GSW,CLE,2.0
1559,Shot Chart Detail,41700402,73,202691,Klay Thompson,1610612744,Golden State Warriors,1,5,45,Made Shot,Running Pull-Up Jump Shot,2PT Field Goal,Mid-Range,Right Side(R),8-16 ft.,14,133,57,1,1,20180603,GSW,CLE,2.0
1560,Shot Chart Detail,41700402,81,202691,Klay Thompson,1610612744,Golden State Warriors,1,4,43,Missed Shot,Jump Shot,3PT Field Goal,Right Corner 3,Right Side(R),24+ ft.,23,234,42,1,0,20180603,GSW,CLE,2.0
1561,Shot Chart Detail,41700402,169,202691,Klay Thompson,1610612744,Golden State Warriors,1,0,4,Missed Shot,Jump Shot,3PT Field Goal,Above the Break 3,Right Side Center(RC),24+ ft.,25,146,214,1,0,20180603,GSW,CLE,2.0
1562,Shot Chart Detail,41700402,190,202691,Klay Thompson,1610612744,Golden State Warriors,2,10,48,Missed Shot,Jump Shot,3PT Field Goal,Above the Break 3,Left Side Center(LC),24+ ft.,29,-177,237,1,0,20180603,GSW,CLE,2.0
1563,Shot Chart Detail,41700402,213,202691,Klay Thompson,1610612744,Golden State Warriors,2,9,12,Made Shot,Jump Shot,2PT Field Goal,Mid-Range,Right Side(R),16-24 ft.,20,206,17,1,1,20180603,GSW,CLE,2.0
1564,Shot Chart Detail,41700402,270,202691,Klay Thompson,1610612744,Golden State Warriors,2,5,40,Missed Shot,Jump Shot,3PT Field Goal,Above the Break 3,Right Side Center(RC),24+ ft.,25,108,235,1,0,20180603,GSW,CLE,2.0
1565,Shot Chart Detail,41700402,360,202691,Klay Thompson,1610612744,Golden State Warriors,3,11,31,Missed Shot,Jump Shot,3PT Field Goal,Left Corner 3,Left Side(L),24+ ft.,23,-234,-10,1,0,20180603,GSW,CLE,2.0
1566,Shot Chart Detail,41700402,401,202691,Klay Thompson,1610612744,Golden State Warriors,3,7,24,Made Shot,Running Pull-Up Jump Shot,3PT Field Goal,Above the Break 3,Right Side Center(RC),24+ ft.,28,120,258,1,1,20180603,GSW,CLE,2.0
1567,Shot Chart Detail,41700402,424,202691,Klay Thompson,1610612744,Golden State Warriors,3,5,2,Made Shot,Driving Reverse Layup Shot,2PT Field Goal,Restricted Area,Center(C),Less Than 8 ft.,2,-21,14,1,1,20180603,GSW,CLE,2.0
1568,Shot Chart Detail,41700402,427,202691,Klay Thompson,1610612744,Golden State Warriors,3,4,23,Made Shot,Driving Floating Bank Jump Shot,2PT Field Goal,In The Paint (Non-RA),Right Side(R),8-16 ft.,9,65,64,1,1,20180603,GSW,CLE,2.0
1569,Shot Chart Detail,41700402,449,202691,Klay Thompson,1610612744,Golden State Warriors,3,2,45,Made Shot,Jump Shot,3PT Field Goal,Above the Break 3,Left Side Center(LC),24+ ft.,25,-225,129,1,1,20180603,GSW,CLE,2.0
2043,Shot Chart Detail,41700401,19,201939,Stephen Curry,1610612744,Golden State Warriors,1,9,59,Made Shot,Pullup Jump shot,3PT Field Goal,Above the Break 3,Right Side Center(RC),24+ ft.,28,109,262,1,1,20180531,GSW,CLE,1.0
2044,Shot Chart Detail,41700401,22,201939,Stephen Curry,1610612744,Golden State Warriors,1,9,27,Made Shot,Driving Finger Roll Layup Shot,2PT Field Goal,Mid-Range,Left Side(L),8-16 ft.,9,-91,22,1,1,20180531,GSW,CLE,1.0
2045,Shot Chart Detail,41700401,57,201939,Stephen Curry,1610612744,Golden State Warriors,1,6,42,Made Shot,Pullup Jump shot,3PT Field Goal,Above the Break 3,Center(C),24+ ft.,30,-13,301,1,1,20180531,GSW,CLE,1.0
2046,Shot Chart Detail,41700401,76,201939,Stephen Curry,1610612744,Golden State Warriors,1,4,49,Missed Shot,Driving Layup Shot,2PT Field Goal,In The Paint (Non-RA),Center(C),Less Than 8 ft.,4,16,44,1,0,20180531,GSW,CLE,1.0
2047,Shot Chart Detail,41700401,102,201939,Stephen Curry,1610612744,Golden State Warriors,1,3,17,Made Shot,Pullup Jump shot,2PT Field Goal,Mid-Range,Right Side(R),8-16 ft.,12,98,76,1,1,20180531,GSW,CLE,1.0
2048,Shot Chart Detail,41700401,160,201939,Stephen Curry,1610612744,Golden State Warriors,2,11,4,Missed Shot,Step Back Jump shot,3PT Field Goal,Above the Break 3,Left Side Center(LC),24+ ft.,26,-168,209,1,0,20180531,GSW,CLE,1.0
2049,Shot Chart Detail,41700401,174,201939,Stephen Curry,1610612744,Golden State Warriors,2,9,22,Missed Shot,Jump Shot,2PT Field Goal,Mid-Range,Left Side Center(LC),16-24 ft.,20,-96,179,1,0,20180531,GSW,CLE,1.0
2050,Shot Chart Detail,41700401,209,201939,Stephen Curry,1610612744,Golden State Warriors,2,6,28,Made Shot,Running Layup Shot,2PT Field Goal,Restricted Area,Center(C),Less Than 8 ft.,2,9,25,1,1,20180531,GSW,CLE,1.0
2051,Shot Chart Detail,41700401,230,201939,Stephen Curry,1610612744,Golden State Warriors,2,4,28,Made Shot,Driving Floating Bank Jump Shot,2PT Field Goal,In The Paint (Non-RA),Center(C),Less Than 8 ft.,6,-14,68,1,1,20180531,GSW,CLE,1.0
2052,Shot Chart Detail,41700401,237,201939,Stephen Curry,1610612744,Golden State Warriors,2,3,29,Missed Shot,Jump Shot,3PT Field Goal,Above the Break 3,Right Side Center(RC),24+ ft.,25,216,136,1,0,20180531,GSW,CLE,1.0
2053,Shot Chart Detail,41700401,286,201939,Stephen Curry,1610612744,Golden State Warriors,2,0,55,Missed Shot,Fadeaway Jump Shot,3PT Field Goal,Above the Break 3,Right Side Center(RC),24+ ft.,25,169,196,1,0,20180531,GSW,CLE,1.0
2054,Shot Chart Detail,41700401,294,201939,Stephen Curry,1610612744,Golden State Warriors,2,0,0,Made Shot,Running Pull-Up Jump Shot,3PT Field Goal,Above the Break 3,Left Side Center(LC),24+ ft.,37,-196,323,1,1,20180531,GSW,CLE,1.0
2055,Shot Chart Detail,41700401,386,201939,Stephen Curry,1610612744,Golden State Warriors,3,4,3,Made Shot,Pullup Jump shot,3PT Field Goal,Above the Break 3,Left Side Center(LC),24+ ft.,27,-171,213,1,1,20180531,GSW,CLE,1.0
2056,Shot Chart Detail,41700401,389,201939,Stephen Curry,1610612744,Golden State Warriors,3,3,40,Missed Shot,Jump Shot,3PT Field Goal,Above the Break 3,Center(C),24+ ft.,26,68,253,1,0,20180531,GSW,CLE,1.0
2057,Shot Chart Detail,41700401,458,201939,Stephen Curry,1610612744,Golden State Warriors,4,11,25,Missed Shot,Driving Floating Jump Shot,2PT Field Goal,Mid-Range,Right Side(R),8-16 ft.,8,82,32,1,0,20180531,GSW,CLE,1.0
2058,Shot Chart Detail,41700401,460,201939,Stephen Curry,1610612744,Golden State Warriors,4,11,18,Missed Shot,Jump Shot,3PT Field Goal,Right Corner 3,Right Side(R),24+ ft.,23,237,17,1,0,20180531,GSW,CLE,1.0
2059,Shot Chart Detail,41700401,472,201939,Stephen Curry,1610612744,Golden State Warriors,4,10,26,Missed Shot,Jump Shot,2PT Field Goal,Mid-Range,Left Side Center(LC),16-24 ft.,19,-122,148,1,0,20180531,GSW,CLE,1.0
2060,Shot Chart Detail,41700401,513,201939,Stephen Curry,1610612744,Golden State Warriors,4,7,18,Missed Shot,Jump Shot,3PT Field Goal,Above the Break 3,Right Side Center(RC),24+ ft.,27,166,218,1,0,20180531,GSW,CLE,1.0
2061,Shot Chart Detail,41700401,544,201939,Stephen Curry,1610612744,Golden State Warriors,4,4,39,Made Shot,Pullup Jump shot,3PT Field Goal,Above the Break 3,Left Side Center(LC),24+ ft.,25,-150,208,1,1,20180531,GSW,CLE,1.0
2062,Shot Chart Detail,41700401,555,201939,Stephen Curry,1610612744,Golden State Warriors,4,2,35,Made Shot,Driving Finger Roll Layup Shot,2PT Field Goal,Restricted Area,Center(C),Less Than 8 ft.,1,-15,9,1,1,20180531,GSW,CLE,1.0
2063,Shot Chart Detail,41700401,560,201939,Stephen Curry,1610612744,Golden State Warriors,4,1,46,Missed Shot,Jump Bank Shot,2PT Field Goal,Mid-Range,Left Side(L),8-16 ft.,13,-131,32,1,0,20180531,GSW,CLE,1.0
2064,Shot Chart Detail,41700401,591,201939,Stephen Curry,1610612744,Golden State Warriors,4,0,23,Made Shot,Driving Layup Shot,2PT Field Goal,Restricted Area,Center(C),Less Than 8 ft.,2,14,17,1,1,20180531,GSW,CLE,1.0
2065,Shot Chart Detail,41700401,655,201939,Stephen Curry,1610612744,Golden State Warriors,5,0,34,Missed Shot,Layup Shot,2PT Field Goal,In The Paint (Non-RA),Center(C),Less Than 8 ft.,4,23,35,1,0,20180531,GSW,CLE,1.0
2066,Shot Chart Detail,41700402,25,201939,Stephen Curry,1610612744,Golden State Warriors,1,9,44,Made Shot,Driving Finger Roll Layup Shot,2PT Field Goal,Restricted Area,Center(C),Less Than 8 ft.,3,-31,14,1,1,20180603,GSW,CLE,2.0
2067,Shot Chart Detail,41700402,45,201939,Stephen Curry,1610612744,Golden State Warriors,1,7,44,Missed Shot,Running Jump Shot,3PT Field Goal,Above the Break 3,Left Side Center(LC),24+ ft.,31,-196,247,1,0,20180603,GSW,CLE,2.0
2068,Shot Chart Detail,41700402,90,201939,Stephen Curry,1610612744,Golden State Warriors,1,4,24,Missed Shot,Pullup Jump shot,3PT Field Goal,Above the Break 3,Center(C),24+ ft.,29,-13,296,1,0,20180603,GSW,CLE,2.0
2069,Shot Chart Detail,41700402,97,201939,Stephen Curry,1610612744,Golden State Warriors,1,4,5,Made Shot,Jump Shot,3PT Field Goal,Above the Break 3,Right Side Center(RC),24+ ft.,28,146,239,1,1,20180603,GSW,CLE,2.0
2070,Shot Chart Detail,41700402,110,201939,Stephen Curry,1610612744,Golden State Warriors,1,3,3,Missed Shot,Jump Shot,3PT Field Goal,Right Corner 3,Right Side(R),24+ ft.,23,236,20,1,0,20180603,GSW,CLE,2.0
2071,Shot Chart Detail,41700402,124,201939,Stephen Curry,1610612744,Golden State Warriors,1,2,11,Made Shot,Driving Finger Roll Layup Shot,2PT Field Goal,Restricted Area,Center(C),Less Than 8 ft.,1,-7,16,1,1,20180603,GSW,CLE,2.0
2072,Shot Chart Detail,41700402,152,201939,Stephen Curry,1610612744,Golden State Warriors,1,0,30,Missed Shot,Floating Jump shot,3PT Field Goal,Above the Break 3,Left Side Center(LC),24+ ft.,28,-143,252,1,0,20180603,GSW,CLE,2.0
2073,Shot Chart Detail,41700402,155,201939,Stephen Curry,1610612744,Golden State Warriors,1,0,19,Missed Shot,Layup Shot,2PT Field Goal,In The Paint (Non-RA),Center(C),Less Than 8 ft.,5,8,57,1,0,20180603,GSW,CLE,2.0
2074,Shot Chart Detail,41700402,256,201939,Stephen Curry,1610612744,Golden State Warriors,2,6,12,Made Shot,Pullup Jump shot,3PT Field Goal,Above the Break 3,Left Side Center(LC),24+ ft.,25,-165,196,1,1,20180603,GSW,CLE,2.0
2075,Shot Chart Detail,41700402,274,201939,Stephen Curry,1610612744,Golden State Warriors,2,5,12,Missed Shot,Driving Reverse Layup Shot,2PT Field Goal,Restricted Area,Center(C),Less Than 8 ft.,1,-2,16,1,0,20180603,GSW,CLE,2.0
2076,Shot Chart Detail,41700402,320,201939,Stephen Curry,1610612744,Golden State Warriors,2,2,4,Made Shot,Pullup Jump shot,3PT Field Goal,Above the Break 3,Left Side Center(LC),24+ ft.,30,-150,260,1,1,20180603,GSW,CLE,2.0
2077,Shot Chart Detail,41700402,332,201939,Stephen Curry,1610612744,Golden State Warriors,2,1,5,Made Shot,Running Pull-Up Jump Shot,3PT Field Goal,Above the Break 3,Center(C),24+ ft.,28,53,280,1,1,20180603,GSW,CLE,2.0
2078,Shot Chart Detail,41700402,338,201939,Stephen Curry,1610612744,Golden State Warriors,2,0,30,Missed Shot,Jump Shot,3PT Field Goal,Above the Break 3,Right Side Center(RC),24+ ft.,28,151,236,1,0,20180603,GSW,CLE,2.0
2079,Shot Chart Detail,41700402,395,201939,Stephen Curry,1610612744,Golden State Warriors,3,7,55,Missed Shot,Driving Hook Shot,2PT Field Goal,In The Paint (Non-RA),Center(C),Less Than 8 ft.,4,-3,46,1,0,20180603,GSW,CLE,2.0
2080,Shot Chart Detail,41700402,403,201939,Stephen Curry,1610612744,Golden State Warriors,3,6,33,Missed Shot,Pullup Jump shot,3PT Field Goal,Right Corner 3,Right Side(R),24+ ft.,22,224,22,1,0,20180603,GSW,CLE,2.0
2081,Shot Chart Detail,41700402,438,201939,Stephen Curry,1610612744,Golden State Warriors,3,3,43,Missed Shot,Driving Layup Shot,2PT Field Goal,Restricted Area,Center(C),Less Than 8 ft.,3,-29,21,1,0,20180603,GSW,CLE,2.0
2082,Shot Chart Detail,41700402,446,201939,Stephen Curry,1610612744,Golden State Warriors,3,3,4,Missed Shot,Pullup Jump shot,3PT Field Goal,Above the Break 3,Center(C),24+ ft.,26,14,262,1,0,20180603,GSW,CLE,2.0
2083,Shot Chart Detail,41700402,503,201939,Stephen Curry,1610612744,Golden State Warriors,3,0,1,Missed Shot,Jump Shot,3PT Field Goal,Left Corner 3,Left Side(L),24+ ft.,23,-231,-23,1,0,20180603,GSW,CLE,2.0
2084,Shot Chart Detail,41700402,515,201939,Stephen Curry,1610612744,Golden State Warriors,4,11,40,Missed Shot,Driving Layup Shot,2PT Field Goal,Restricted Area,Center(C),Less Than 8 ft.,3,-4,39,1,0,20180603,GSW,CLE,2.0
2085,Shot Chart Detail,41700402,517,201939,Stephen Curry,1610612744,Golden State Warriors,4,11,32,Missed Shot,Driving Finger Roll Layup Shot,2PT Field Goal,In The Paint (Non-RA),Center(C),Less Than 8 ft.,4,11,45,1,0,20180603,GSW,CLE,2.0
2086,Shot Chart Detail,41700402,526,201939,Stephen Curry,1610612744,Golden State Warriors,4,10,44,Made Shot,Step Back Jump shot,3PT Field Goal,Above the Break 3,Right Side Center(RC),24+ ft.,26,119,232,1,1,20180603,GSW,CLE,2.0
2087,Shot Chart Detail,41700402,529,201939,Stephen Curry,1610612744,Golden State Warriors,4,10,12,Made Shot,Pullup Jump shot,3PT Field Goal,Right Corner 3,Right Side(R),24+ ft.,22,228,24,1,1,20180603,GSW,CLE,2.0
2088,Shot Chart Detail,41700402,544,201939,Stephen Curry,1610612744,Golden State Warriors,4,9,0,Missed Shot,Layup Shot,2PT Field Goal,Restricted Area,Center(C),Less Than 8 ft.,1,-18,0,1,0,20180603,GSW,CLE,2.0
2089,Shot Chart Detail,41700402,558,201939,Stephen Curry,1610612744,Golden State Warriors,4,7,54,Made Shot,Turnaround Jump Shot,3PT Field Goal,Above the Break 3,Left Side Center(LC),24+ ft.,28,-143,243,1,1,20180603,GSW,CLE,2.0
2090,Shot Chart Detail,41700402,580,201939,Stephen Curry,1610612744,Golden State Warriors,4,5,44,Made Shot,Pullup Jump shot,3PT Field Goal,Right Corner 3,Right Side(R),24+ ft.,22,224,27,1,1,20180603,GSW,CLE,2.0
2091,Shot Chart Detail,41700402,622,201939,Stephen Curry,1610612744,Golden State Warriors,4,3,30,Made Shot,Step Back Jump shot,3PT Field Goal,Above the Break 3,Left Side Center(LC),24+ ft.,27,-192,200,1,1,20180603,GSW,CLE,2.0
3299,Shot Chart Detail,41700401,7,201567,Kevin Love,1610612739,Cleveland Cavaliers,1,11,41,Missed Shot,Hook Shot,2PT Field Goal,In The Paint (Non-RA),Center(C),8-16 ft.,10,11,105,1,0,20180531,GSW,CLE,1.0
3300,Shot Chart Detail,41700401,17,201567,Kevin Love,1610612739,Cleveland Cavaliers,1,10,6,Missed Shot,Jump Shot,3PT Field Goal,Left Corner 3,Left Side(L),24+ ft.,23,-231,-20,1,0,20180531,GSW,CLE,1.0
3301,Shot Chart Detail,41700401,20,201567,Kevin Love,1610612739,Cleveland Cavaliers,1,9,40,Made Shot,Fadeaway Jump Shot,2PT Field Goal,Mid-Range,Right Side Center(RC),16-24 ft.,17,138,108,1,1,20180531,GSW,CLE,1.0
3302,Shot Chart Detail,41700401,36,201567,Kevin Love,1610612739,Cleveland Cavaliers,1,8,25,Made Shot,Jump Bank Shot,2PT Field Goal,Mid-Range,Left Side(L),8-16 ft.,15,-128,85,1,1,20180531,GSW,CLE,1.0
3303,Shot Chart Detail,41700401,81,201567,Kevin Love,1610612739,Cleveland Cavaliers,1,4,29,Missed Shot,Jump Shot,3PT Field Goal,Above the Break 3,Left Side Center(LC),24+ ft.,24,-207,135,1,0,20180531,GSW,CLE,1.0
3304,Shot Chart Detail,41700401,83,201567,Kevin Love,1610612739,Cleveland Cavaliers,1,4,26,Made Shot,Finger Roll Layup Shot,2PT Field Goal,Restricted Area,Center(C),Less Than 8 ft.,2,12,19,1,1,20180531,GSW,CLE,1.0
3305,Shot Chart Detail,41700401,103,201567,Kevin Love,1610612739,Cleveland Cavaliers,1,3,4,Made Shot,Cutting Layup Shot,2PT Field Goal,Restricted Area,Center(C),Less Than 8 ft.,1,18,8,1,1,20180531,GSW,CLE,1.0
3306,Shot Chart Detail,41700401,224,201567,Kevin Love,1610612739,Cleveland Cavaliers,2,5,19,Made Shot,Turnaround Jump Shot,2PT Field Goal,Mid-Range,Right Side(R),8-16 ft.,15,148,29,1,1,20180531,GSW,CLE,1.0
3307,Shot Chart Detail,41700401,228,201567,Kevin Love,1610612739,Cleveland Cavaliers,2,4,45,Missed Shot,Jump Shot,2PT Field Goal,Mid-Range,Right Side Center(RC),16-24 ft.,18,141,120,1,0,20180531,GSW,CLE,1.0
3308,Shot Chart Detail,41700401,235,201567,Kevin Love,1610612739,Cleveland Cavaliers,2,3,40,Missed Shot,Jump Shot,2PT Field Goal,Mid-Range,Right Side Center(RC),16-24 ft.,23,154,177,1,0,20180531,GSW,CLE,1.0
3309,Shot Chart Detail,41700401,317,201567,Kevin Love,1610612739,Cleveland Cavaliers,3,9,43,Missed Shot,Jump Shot,3PT Field Goal,Left Corner 3,Left Side(L),24+ ft.,23,-231,38,1,0,20180531,GSW,CLE,1.0
3310,Shot Chart Detail,41700401,331,201567,Kevin Love,1610612739,Cleveland Cavaliers,3,8,45,Missed Shot,Jump Shot,3PT Field Goal,Above the Break 3,Right Side Center(RC),24+ ft.,25,195,160,1,0,20180531,GSW,CLE,1.0
3311,Shot Chart Detail,41700401,373,201567,Kevin Love,1610612739,Cleveland Cavaliers,3,4,48,Missed Shot,Jump Shot,3PT Field Goal,Above the Break 3,Left Side Center(LC),24+ ft.,25,-228,110,1,0,20180531,GSW,CLE,1.0
3312,Shot Chart Detail,41700401,408,201567,Kevin Love,1610612739,Cleveland Cavaliers,3,2,59,Made Shot,Turnaround Hook Shot,2PT Field Goal,In The Paint (Non-RA),Center(C),8-16 ft.,9,-23,90,1,1,20180531,GSW,CLE,1.0
3313,Shot Chart Detail,41700401,432,201567,Kevin Love,1610612739,Cleveland Cavaliers,3,0,56,Made Shot,Hook Shot,2PT Field Goal,In The Paint (Non-RA),Center(C),8-16 ft.,8,-13,83,1,1,20180531,GSW,CLE,1.0
3314,Shot Chart Detail,41700401,534,201567,Kevin Love,1610612739,Cleveland Cavaliers,4,5,37,Missed Shot,Jump Shot,3PT Field Goal,Above the Break 3,Right Side Center(RC),24+ ft.,26,145,218,1,0,20180531,GSW,CLE,1.0
3315,Shot Chart Detail,41700401,538,201567,Kevin Love,1610612739,Cleveland Cavaliers,4,5,29,Made Shot,Tip Layup Shot,2PT Field Goal,Restricted Area,Center(C),Less Than 8 ft.,0,0,-6,1,1,20180531,GSW,CLE,1.0
3316,Shot Chart Detail,41700401,558,201567,Kevin Love,1610612739,Cleveland Cavaliers,4,2,4,Made Shot,Jump Shot,3PT Field Goal,Above the Break 3,Center(C),24+ ft.,27,-14,272,1,1,20180531,GSW,CLE,1.0
3317,Shot Chart Detail,41700401,611,201567,Kevin Love,1610612739,Cleveland Cavaliers,5,4,36,Missed Shot,Jump Shot,3PT Field Goal,Above the Break 3,Left Side Center(LC),24+ ft.,27,-188,200,1,0,20180531,GSW,CLE,1.0
3318,Shot Chart Detail,41700401,624,201567,Kevin Love,1610612739,Cleveland Cavaliers,5,3,21,Missed Shot,Hook Bank Shot,2PT Field Goal,In The Paint (Non-RA),Center(C),Less Than 8 ft.,4,31,29,1,0,20180531,GSW,CLE,1.0
3319,Shot Chart Detail,41700402,15,201567,Kevin Love,1610612739,Cleveland Cavaliers,1,10,55,Missed Shot,Jump Shot,3PT Field Goal,Left Corner 3,Left Side(L),24+ ft.,24,-241,-12,1,0,20180603,GSW,CLE,2.0
3320,Shot Chart Detail,41700402,94,201567,Kevin Love,1610612739,Cleveland Cavaliers,1,4,11,Missed Shot,Layup Shot,2PT Field Goal,Restricted Area,Center(C),Less Than 8 ft.,3,-20,30,1,0,20180603,GSW,CLE,2.0
3321,Shot Chart Detail,41700402,99,201567,Kevin Love,1610612739,Cleveland Cavaliers,1,3,43,Made Shot,Driving Hook Shot,2PT Field Goal,In The Paint (Non-RA),Center(C),Less Than 8 ft.,6,-4,64,1,1,20180603,GSW,CLE,2.0
3322,Shot Chart Detail,41700402,125,201567,Kevin Love,1610612739,Cleveland Cavaliers,1,1,54,Missed Shot,Turnaround Fadeaway shot,2PT Field Goal,In The Paint (Non-RA),Center(C),8-16 ft.,10,17,106,1,0,20180603,GSW,CLE,2.0
3323,Shot Chart Detail,41700402,236,201567,Kevin Love,1610612739,Cleveland Cavaliers,2,7,49,Made Shot,Turnaround Hook Shot,2PT Field Goal,In The Paint (Non-RA),Center(C),Less Than 8 ft.,4,-26,40,1,1,20180603,GSW,CLE,2.0
3324,Shot Chart Detail,41700402,247,201567,Kevin Love,1610612739,Cleveland Cavaliers,2,6,47,Missed Shot,Hook Shot,2PT Field Goal,In The Paint (Non-RA),Center(C),Less Than 8 ft.,7,0,71,1,0,20180603,GSW,CLE,2.0
3325,Shot Chart Detail,41700402,250,201567,Kevin Love,1610612739,Cleveland Cavaliers,2,6,44,Missed Shot,Hook Shot,2PT Field Goal,In The Paint (Non-RA),Center(C),Less Than 8 ft.,4,-15,40,1,0,20180603,GSW,CLE,2.0
3326,Shot Chart Detail,41700402,254,201567,Kevin Love,1610612739,Cleveland Cavaliers,2,6,19,Missed Shot,Pullup Jump shot,3PT Field Goal,Right Corner 3,Right Side(R),24+ ft.,22,224,9,1,0,20180603,GSW,CLE,2.0
3327,Shot Chart Detail,41700402,321,201567,Kevin Love,1610612739,Cleveland Cavaliers,2,1,44,Missed Shot,Jump Shot,2PT Field Goal,In The Paint (Non-RA),Center(C),8-16 ft.,8,18,82,1,0,20180603,GSW,CLE,2.0
3328,Shot Chart Detail,41700402,323,201567,Kevin Love,1610612739,Cleveland Cavaliers,2,1,40,Missed Shot,Layup Shot,2PT Field Goal,Restricted Area,Center(C),Less Than 8 ft.,3,12,30,1,0,20180603,GSW,CLE,2.0
3329,Shot Chart Detail,41700402,364,201567,Kevin Love,1610612739,Cleveland Cavaliers,3,11,2,Made Shot,Pullup Jump shot,3PT Field Goal,Right Corner 3,Right Side(R),24+ ft.,23,232,34,1,1,20180603,GSW,CLE,2.0
3330,Shot Chart Detail,41700402,374,201567,Kevin Love,1610612739,Cleveland Cavaliers,3,9,50,Made Shot,Jump Shot,3PT Field Goal,Above the Break 3,Right Side Center(RC),24+ ft.,27,172,218,1,1,20180603,GSW,CLE,2.0
3331,Shot Chart Detail,41700402,422,201567,Kevin Love,1610612739,Cleveland Cavaliers,3,5,20,Made Shot,Pullup Jump shot,3PT Field Goal,Above the Break 3,Right Side Center(RC),24+ ft.,25,192,172,1,1,20180603,GSW,CLE,2.0
3332,Shot Chart Detail,41700402,443,201567,Kevin Love,1610612739,Cleveland Cavaliers,3,3,30,Made Shot,Driving Layup Shot,2PT Field Goal,In The Paint (Non-RA),Center(C),Less Than 8 ft.,5,-32,43,1,1,20180603,GSW,CLE,2.0
3333,Shot Chart Detail,41700402,534,201567,Kevin Love,1610612739,Cleveland Cavaliers,4,9,55,Made Shot,Cutting Layup Shot,2PT Field Goal,Restricted Area,Center(C),Less Than 8 ft.,2,-16,12,1,1,20180603,GSW,CLE,2.0
3334,Shot Chart Detail,41700402,547,201567,Kevin Love,1610612739,Cleveland Cavaliers,4,8,44,Missed Shot,Pullup Jump shot,3PT Field Goal,Above the Break 3,Left Side Center(LC),24+ ft.,25,-190,168,1,0,20180603,GSW,CLE,2.0
3335,Shot Chart Detail,41700402,560,201567,Kevin Love,1610612739,Cleveland Cavaliers,4,7,28,Missed Shot,Pullup Jump shot,3PT Field Goal,Above the Break 3,Center(C),24+ ft.,28,-7,283,1,0,20180603,GSW,CLE,2.0
3336,Shot Chart Detail,41700402,599,201567,Kevin Love,1610612739,Cleveland Cavaliers,4,4,26,Missed Shot,Jump Shot,3PT Field Goal,Above the Break 3,Left Side Center(LC),24+ ft.,27,-130,239,1,0,20180603,GSW,CLE,2.0
4904,Shot Chart Detail,41700401,44,203110,Draymond Green,1610612744,Golden State Warriors,1,7,26,Missed Shot,Jump Shot,3PT Field Goal,Above the Break 3,Left Side Center(LC),24+ ft.,26,-115,242,1,0,20180531,GSW,CLE,1.0
4905,Shot Chart Detail,41700401,64,203110,Draymond Green,1610612744,Golden State Warriors,1,6,4,Made Shot,Layup Shot,2PT Field Goal,Restricted Area,Center(C),Less Than 8 ft.,1,9,16,1,1,20180531,GSW,CLE,1.0
4906,Shot Chart Detail,41700401,267,203110,Draymond Green,1610612744,Golden State Warriors,2,1,50,Made Shot,Cutting Layup Shot,2PT Field Goal,Restricted Area,Center(C),Less Than 8 ft.,2,9,22,1,1,20180531,GSW,CLE,1.0
4907,Shot Chart Detail,41700401,309,203110,Draymond Green,1610612744,Golden State Warriors,3,10,57,Made Shot,Running Layup Shot,2PT Field Goal,Restricted Area,Center(C),Less Than 8 ft.,1,1,17,1,1,20180531,GSW,CLE,1.0
4908,Shot Chart Detail,41700401,364,203110,Draymond Green,1610612744,Golden State Warriors,3,5,33,Missed Shot,Driving Layup Shot,2PT Field Goal,Restricted Area,Center(C),Less Than 8 ft.,3,-22,21,1,0,20180531,GSW,CLE,1.0
4909,Shot Chart Detail,41700401,413,203110,Draymond Green,1610612744,Golden State Warriors,3,2,6,Missed Shot,Jump Shot,3PT Field Goal,Above the Break 3,Left Side Center(LC),24+ ft.,25,-163,198,1,0,20180531,GSW,CLE,1.0
4910,Shot Chart Detail,41700401,493,203110,Draymond Green,1610612744,Golden State Warriors,4,9,3,Missed Shot,Pullup Jump shot,3PT Field Goal,Above the Break 3,Right Side Center(RC),24+ ft.,27,164,219,1,0,20180531,GSW,CLE,1.0
4911,Shot Chart Detail,41700401,541,203110,Draymond Green,1610612744,Golden State Warriors,4,5,6,Made Shot,Jump Shot,3PT Field Goal,Above the Break 3,Center(C),24+ ft.,27,55,269,1,1,20180531,GSW,CLE,1.0
4912,Shot Chart Detail,41700401,641,203110,Draymond Green,1610612744,Golden State Warriors,5,1,36,Made Shot,Jump Shot,3PT Field Goal,Above the Break 3,Right Side Center(RC),24+ ft.,28,114,260,1,1,20180531,GSW,CLE,1.0
4913,Shot Chart Detail,41700402,39,203110,Draymond Green,1610612744,Golden State Warriors,1,8,14,Made Shot,Running Dunk Shot,2PT Field Goal,Restricted Area,Center(C),Less Than 8 ft.,1,14,13,1,1,20180603,GSW,CLE,2.0
4914,Shot Chart Detail,41700402,198,203110,Draymond Green,1610612744,Golden State Warriors,2,10,11,Missed Shot,Jump Shot,3PT Field Goal,Above the Break 3,Center(C),24+ ft.,27,-12,275,1,0,20180603,GSW,CLE,2.0
4915,Shot Chart Detail,41700402,294,203110,Draymond Green,1610612744,Golden State Warriors,2,4,5,Missed Shot,Jump Shot,3PT Field Goal,Above the Break 3,Left Side Center(LC),24+ ft.,24,-182,165,1,0,20180603,GSW,CLE,2.0
4916,Shot Chart Detail,41700402,546,203110,Draymond Green,1610612744,Golden State Warriors,4,8,59,Made Shot,Tip Layup Shot,2PT Field Goal,Restricted Area,Center(C),Less Than 8 ft.,0,0,-6,1,1,20180603,GSW,CLE,2.0
5177,Shot Chart Detail,41700401,172,2594,Kyle Korver,1610612739,Cleveland Cavaliers,2,9,32,Missed Shot,Jump Shot,3PT Field Goal,Above the Break 3,Left Side Center(LC),24+ ft.,26,-189,184,1,0,20180531,GSW,CLE,1.0
5178,Shot Chart Detail,41700401,465,2594,Kyle Korver,1610612739,Cleveland Cavaliers,4,11,0,Missed Shot,Jump Shot,3PT Field Goal,Right Corner 3,Right Side(R),24+ ft.,23,231,43,1,0,20180531,GSW,CLE,1.0
5179,Shot Chart Detail,41700401,495,2594,Kyle Korver,1610612739,Cleveland Cavaliers,4,8,54,Made Shot,Jump Shot,3PT Field Goal,Above the Break 3,Left Side Center(LC),24+ ft.,27,-174,217,1,1,20180531,GSW,CLE,1.0
5180,Shot Chart Detail,41700402,522,2594,Kyle Korver,1610612739,Cleveland Cavaliers,4,11,9,Missed Shot,Jump Shot,3PT Field Goal,Above the Break 3,Left Side Center(LC),24+ ft.,25,-203,153,1,0,20180603,GSW,CLE,2.0
5181,Shot Chart Detail,41700402,617,2594,Kyle Korver,1610612739,Cleveland Cavaliers,4,3,49,Missed Shot,Layup Shot,2PT Field Goal,Restricted Area,Center(C),Less Than 8 ft.,3,15,27,1,0,20180603,GSW,CLE,2.0
5182,Shot Chart Detail,41700402,620,2594,Kyle Korver,1610612739,Cleveland Cavaliers,4,3,45,Missed Shot,Layup Shot,2PT Field Goal,Restricted Area,Center(C),Less Than 8 ft.,2,6,20,1,0,20180603,GSW,CLE,2.0
6119,Shot Chart Detail,41700401,14,2747,JR Smith,1610612739,Cleveland Cavaliers,1,10,37,Made Shot,Layup Shot,2PT Field Goal,In The Paint (Non-RA),Center(C),Less Than 8 ft.,7,63,35,1,1,20180531,GSW,CLE,1.0
6120,Shot Chart Detail,41700401,39,2747,JR Smith,1610612739,Cleveland Cavaliers,1,7,58,Missed Shot,Pullup Jump shot,2PT Field Goal,Mid-Range,Right Side Center(RC),16-24 ft.,20,163,119,1,0,20180531,GSW,CLE,1.0
6121,Shot Chart Detail,41700401,58,2747,JR Smith,1610612739,Cleveland Cavaliers,1,6,23,Made Shot,Pullup Jump shot,3PT Field Goal,Left Corner 3,Left Side(L),24+ ft.,23,-230,6,1,1,20180531,GSW,CLE,1.0
6122,Shot Chart Detail,41700401,288,2747,JR Smith,1610612739,Cleveland Cavaliers,2,0,50,Missed Shot,Running Pull-Up Jump Shot,3PT Field Goal,Above the Break 3,Center(C),24+ ft.,26,0,267,1,0,20180531,GSW,CLE,1.0
6123,Shot Chart Detail,41700401,305,2747,JR Smith,1610612739,Cleveland Cavaliers,3,11,30,Missed Shot,Jump Shot,3PT Field Goal,Above the Break 3,Center(C),24+ ft.,28,-67,275,1,0,20180531,GSW,CLE,1.0
6124,Shot Chart Detail,41700401,323,2747,JR Smith,1610612739,Cleveland Cavaliers,3,9,7,Missed Shot,Hook Shot,2PT Field Goal,In The Paint (Non-RA),Right Side(R),8-16 ft.,9,58,79,1,0,20180531,GSW,CLE,1.0
6125,Shot Chart Detail,41700401,536,2747,JR Smith,1610612739,Cleveland Cavaliers,4,5,30,Missed Shot,Jump Shot,3PT Field Goal,Above the Break 3,Left Side Center(LC),24+ ft.,28,-136,246,1,0,20180531,GSW,CLE,1.0
6126,Shot Chart Detail,41700401,546,2747,JR Smith,1610612739,Cleveland Cavaliers,4,4,14,Missed Shot,Step Back Jump shot,2PT Field Goal,Mid-Range,Left Side Center(LC),16-24 ft.,21,-96,190,1,0,20180531,GSW,CLE,1.0
6127,Shot Chart Detail,41700401,556,2747,JR Smith,1610612739,Cleveland Cavaliers,4,2,12,Missed Shot,Jump Shot,3PT Field Goal,Above the Break 3,Right Side Center(RC),24+ ft.,25,150,212,1,0,20180531,GSW,CLE,1.0
6128,Shot Chart Detail,41700401,658,2747,JR Smith,1610612739,Cleveland Cavaliers,5,0,27,Made Shot,Pullup Jump shot,3PT Field Goal,Above the Break 3,Left Side Center(LC),24+ ft.,28,-159,233,1,1,20180531,GSW,CLE,1.0
6129,Shot Chart Detail,41700402,58,2747,JR Smith,1610612739,Cleveland Cavaliers,1,6,30,Made Shot,Jump Shot,2PT Field Goal,In The Paint (Non-RA),Center(C),8-16 ft.,9,25,93,1,1,20180603,GSW,CLE,2.0
6130,Shot Chart Detail,41700402,63,2747,JR Smith,1610612739,Cleveland Cavaliers,1,6,17,Missed Shot,Layup Shot,2PT Field Goal,Restricted Area,Center(C),Less Than 8 ft.,3,-19,32,1,0,20180603,GSW,CLE,2.0
6131,Shot Chart Detail,41700402,75,2747,JR Smith,1610612739,Cleveland Cavaliers,1,5,32,Made Shot,Jump Shot,3PT Field Goal,Above the Break 3,Left Side Center(LC),24+ ft.,25,-165,200,1,1,20180603,GSW,CLE,2.0
6132,Shot Chart Detail,41700402,79,2747,JR Smith,1610612739,Cleveland Cavaliers,1,4,54,Missed Shot,Driving Floating Jump Shot,2PT Field Goal,Mid-Range,Right Side(R),8-16 ft.,10,92,58,1,0,20180603,GSW,CLE,2.0
6133,Shot Chart Detail,41700402,92,2747,JR Smith,1610612739,Cleveland Cavaliers,1,4,16,Missed Shot,Jump Shot,3PT Field Goal,Above the Break 3,Right Side Center(RC),24+ ft.,26,144,221,1,0,20180603,GSW,CLE,2.0
6134,Shot Chart Detail,41700402,112,2747,JR Smith,1610612739,Cleveland Cavaliers,1,2,53,Missed Shot,Jump Shot,3PT Field Goal,Above the Break 3,Right Side Center(RC),24+ ft.,25,215,132,1,0,20180603,GSW,CLE,2.0
6135,Shot Chart Detail,41700402,428,2747,JR Smith,1610612739,Cleveland Cavaliers,3,4,5,Missed Shot,Pullup Jump shot,2PT Field Goal,Mid-Range,Left Side Center(LC),16-24 ft.,22,-116,187,1,0,20180603,GSW,CLE,2.0
6136,Shot Chart Detail,41700402,465,2747,JR Smith,1610612739,Cleveland Cavaliers,3,1,43,Missed Shot,Step Back Jump shot,2PT Field Goal,Mid-Range,Center(C),16-24 ft.,17,-12,172,1,0,20180603,GSW,CLE,2.0
6137,Shot Chart Detail,41700402,476,2747,JR Smith,1610612739,Cleveland Cavaliers,3,0,57,Missed Shot,Jump Shot,3PT Field Goal,Right Corner 3,Right Side(R),24+ ft.,25,236,86,1,0,20180603,GSW,CLE,2.0
6238,Shot Chart Detail,41700401,216,201588,George Hill,1610612739,Cleveland Cavaliers,2,6,9,Made Shot,Jump Shot,3PT Field Goal,Right Corner 3,Right Side(R),24+ ft.,23,239,10,1,1,20180531,GSW,CLE,1.0
6239,Shot Chart Detail,41700401,310,201588,George Hill,1610612739,Cleveland Cavaliers,3,10,49,Made Shot,Pullup Jump shot,3PT Field Goal,Above the Break 3,Center(C),24+ ft.,26,15,264,1,1,20180531,GSW,CLE,1.0
6240,Shot Chart Detail,41700401,313,201588,George Hill,1610612739,Cleveland Cavaliers,3,10,20,Missed Shot,Pullup Jump shot,3PT Field Goal,Above the Break 3,Right Side Center(RC),24+ ft.,27,171,210,1,0,20180531,GSW,CLE,1.0
6241,Shot Chart Detail,41700401,341,201588,George Hill,1610612739,Cleveland Cavaliers,3,7,38,Missed Shot,Jump Shot,3PT Field Goal,Left Corner 3,Left Side(L),24+ ft.,23,-230,26,1,0,20180531,GSW,CLE,1.0
6242,Shot Chart Detail,41700401,692,201588,George Hill,1610612739,Cleveland Cavaliers,4,2,10,Missed Shot,Tip Layup Shot,2PT Field Goal,Restricted Area,Center(C),Less Than 8 ft.,0,-1,7,1,0,20180531,GSW,CLE,1.0
6243,Shot Chart Detail,41700401,619,201588,George Hill,1610612739,Cleveland Cavaliers,5,3,51,Missed Shot,Layup Shot,2PT Field Goal,Restricted Area,Center(C),Less Than 8 ft.,3,-29,27,1,0,20180531,GSW,CLE,1.0
6244,Shot Chart Detail,41700402,21,201588,George Hill,1610612739,Cleveland Cavaliers,1,10,5,Missed Shot,Jump Shot,3PT Field Goal,Above the Break 3,Right Side Center(RC),24+ ft.,24,143,204,1,0,20180603,GSW,CLE,2.0
6245,Shot Chart Detail,41700402,24,201588,George Hill,1610612739,Cleveland Cavaliers,1,10,2,Made Shot,Hook Shot,2PT Field Goal,Mid-Range,Right Side(R),8-16 ft.,10,90,55,1,1,20180603,GSW,CLE,2.0
6246,Shot Chart Detail,41700402,26,201588,George Hill,1610612739,Cleveland Cavaliers,1,9,32,Missed Shot,Layup Shot,2PT Field Goal,Restricted Area,Center(C),Less Than 8 ft.,1,0,19,1,0,20180603,GSW,CLE,2.0
6247,Shot Chart Detail,41700402,47,201588,George Hill,1610612739,Cleveland Cavaliers,1,7,33,Made Shot,Jump Shot,3PT Field Goal,Above the Break 3,Left Side Center(LC),24+ ft.,27,-136,237,1,1,20180603,GSW,CLE,2.0
6248,Shot Chart Detail,41700402,71,201588,George Hill,1610612739,Cleveland Cavaliers,1,5,57,Missed Shot,Floating Jump shot,2PT Field Goal,In The Paint (Non-RA),Center(C),8-16 ft.,10,-14,105,1,0,20180603,GSW,CLE,2.0
6249,Shot Chart Detail,41700402,226,201588,George Hill,1610612739,Cleveland Cavaliers,2,8,14,Made Shot,Pullup Jump shot,3PT Field Goal,Above the Break 3,Right Side Center(RC),24+ ft.,26,171,197,1,1,20180603,GSW,CLE,2.0
6250,Shot Chart Detail,41700402,314,201588,George Hill,1610612739,Cleveland Cavaliers,2,2,39,Made Shot,Driving Layup Shot,2PT Field Goal,Restricted Area,Center(C),Less Than 8 ft.,2,-3,26,1,1,20180603,GSW,CLE,2.0
6251,Shot Chart Detail,41700402,330,201588,George Hill,1610612739,Cleveland Cavaliers,2,1,12,Missed Shot,Jump Shot,3PT Field Goal,Above the Break 3,Left Side Center(LC),24+ ft.,25,-223,129,1,0,20180603,GSW,CLE,2.0
6252,Shot Chart Detail,41700402,357,201588,George Hill,1610612739,Cleveland Cavaliers,3,11,50,Missed Shot,Driving Floating Jump Shot,2PT Field Goal,In The Paint (Non-RA),Center(C),8-16 ft.,11,36,112,1,0,20180603,GSW,CLE,2.0
6253,Shot Chart Detail,41700402,677,201588,George Hill,1610612739,Cleveland Cavaliers,3,11,49,Missed Shot,Tip Layup Shot,2PT Field Goal,Restricted Area,Center(C),Less Than 8 ft.,1,-1,18,1,0,20180603,GSW,CLE,2.0
6254,Shot Chart Detail,41700402,386,201588,George Hill,1610612739,Cleveland Cavaliers,3,8,47,Made Shot,Pullup Jump shot,3PT Field Goal,Right Corner 3,Right Side(R),24+ ft.,23,232,33,1,1,20180603,GSW,CLE,2.0
6255,Shot Chart Detail,41700402,578,201588,George Hill,1610612739,Cleveland Cavaliers,4,6,6,Missed Shot,Jump Shot,3PT Field Goal,Right Corner 3,Right Side(R),24+ ft.,23,232,47,1,0,20180603,GSW,CLE,2.0
6495,Shot Chart Detail,41700401,96,201145,Jeff Green,1610612739,Cleveland Cavaliers,1,3,49,Missed Shot,Jump Shot,3PT Field Goal,Right Corner 3,Right Side(R),24+ ft.,22,229,-4,1,0,20180531,GSW,CLE,1.0
6496,Shot Chart Detail,41700401,115,201145,Jeff Green,1610612739,Cleveland Cavaliers,1,2,11,Missed Shot,Pullup Jump shot,2PT Field Goal,Mid-Range,Right Side Center(RC),16-24 ft.,18,150,113,1,0,20180531,GSW,CLE,1.0
6497,Shot Chart Detail,41700401,292,201145,Jeff Green,1610612739,Cleveland Cavaliers,2,0,7,Missed Shot,Pullup Jump shot,3PT Field Goal,Left Corner 3,Left Side(L),24+ ft.,22,-221,32,1,0,20180531,GSW,CLE,1.0
6498,Shot Chart Detail,41700401,456,201145,Jeff Green,1610612739,Cleveland Cavaliers,4,11,41,Missed Shot,Jump Shot,3PT Field Goal,Above the Break 3,Center(C),24+ ft.,27,-17,270,1,0,20180531,GSW,CLE,1.0
6499,Shot Chart Detail,41700401,470,201145,Jeff Green,1610612739,Cleveland Cavaliers,4,10,51,Made Shot,Running Dunk Shot,2PT Field Goal,Restricted Area,Center(C),Less Than 8 ft.,1,-2,18,1,1,20180531,GSW,CLE,1.0
6500,Shot Chart Detail,41700401,491,201145,Jeff Green,1610612739,Cleveland Cavaliers,4,9,21,Made Shot,Pullup Jump shot,3PT Field Goal,Above the Break 3,Left Side Center(LC),24+ ft.,25,-224,125,1,1,20180531,GSW,CLE,1.0
6501,Shot Chart Detail,41700401,515,201145,Jeff Green,1610612739,Cleveland Cavaliers,4,6,54,Missed Shot,Jump Shot,3PT Field Goal,Right Corner 3,Right Side(R),24+ ft.,22,226,26,1,0,20180531,GSW,CLE,1.0
6502,Shot Chart Detail,41700401,562,201145,Jeff Green,1610612739,Cleveland Cavaliers,4,1,25,Missed Shot,Jump Shot,3PT Field Goal,Left Corner 3,Left Side(L),24+ ft.,23,-231,10,1,0,20180531,GSW,CLE,1.0
6503,Shot Chart Detail,41700401,640,201145,Jeff Green,1610612739,Cleveland Cavaliers,5,2,1,Made Shot,Tip Layup Shot,2PT Field Goal,Restricted Area,Center(C),Less Than 8 ft.,0,0,-6,1,1,20180531,GSW,CLE,1.0
6504,Shot Chart Detail,41700402,151,201145,Jeff Green,1610612739,Cleveland Cavaliers,1,0,37,Made Shot,Turnaround Bank Hook Shot,2PT Field Goal,In The Paint (Non-RA),Center(C),Less Than 8 ft.,7,41,68,1,1,20180603,GSW,CLE,2.0
6505,Shot Chart Detail,41700402,204,201145,Jeff Green,1610612739,Cleveland Cavaliers,2,9,36,Missed Shot,Jump Shot,3PT Field Goal,Above the Break 3,Left Side Center(LC),24+ ft.,26,-194,174,1,0,20180603,GSW,CLE,2.0
6506,Shot Chart Detail,41700402,220,201145,Jeff Green,1610612739,Cleveland Cavaliers,2,8,50,Missed Shot,Fadeaway Jump Shot,2PT Field Goal,Mid-Range,Left Side(L),16-24 ft.,20,-206,21,1,0,20180603,GSW,CLE,2.0
6507,Shot Chart Detail,41700402,458,201145,Jeff Green,1610612739,Cleveland Cavaliers,3,2,19,Missed Shot,Layup Shot,2PT Field Goal,Restricted Area,Center(C),Less Than 8 ft.,3,19,27,1,0,20180603,GSW,CLE,2.0
6508,Shot Chart Detail,41700402,486,201145,Jeff Green,1610612739,Cleveland Cavaliers,3,0,26,Missed Shot,Jump Shot,3PT Field Goal,Above the Break 3,Left Side Center(LC),24+ ft.,24,-220,102,1,0,20180603,GSW,CLE,2.0
6509,Shot Chart Detail,41700402,527,201145,Jeff Green,1610612739,Cleveland Cavaliers,4,10,22,Missed Shot,Hook Shot,2PT Field Goal,In The Paint (Non-RA),Center(C),Less Than 8 ft.,5,0,57,1,0,20180603,GSW,CLE,2.0
6510,Shot Chart Detail,41700402,564,201145,Jeff Green,1610612739,Cleveland Cavaliers,4,6,53,Made Shot,Turnaround Hook Shot,2PT Field Goal,Restricted Area,Center(C),Less Than 8 ft.,2,-11,25,1,1,20180603,GSW,CLE,2.0
7892,Shot Chart Detail,41700401,121,2733,Shaun Livingston,1610612744,Golden State Warriors,1,1,27,Made Shot,Hook Bank Shot,2PT Field Goal,Restricted Area,Center(C),Less Than 8 ft.,2,-12,16,1,1,20180531,GSW,CLE,1.0
7893,Shot Chart Detail,41700401,180,2733,Shaun Livingston,1610612744,Golden State Warriors,2,8,51,Made Shot,Driving Floating Jump Shot,2PT Field Goal,In The Paint (Non-RA),Left Side(L),8-16 ft.,13,-70,118,1,1,20180531,GSW,CLE,1.0
7894,Shot Chart Detail,41700401,626,2733,Shaun Livingston,1610612744,Golden State Warriors,5,3,2,Made Shot,Turnaround Hook Shot,2PT Field Goal,In The Paint (Non-RA),Center(C),Less Than 8 ft.,5,-11,50,1,1,20180531,GSW,CLE,1.0
7895,Shot Chart Detail,41700401,636,2733,Shaun Livingston,1610612744,Golden State Warriors,5,2,14,Made Shot,Cutting Dunk Shot,2PT Field Goal,Restricted Area,Center(C),Less Than 8 ft.,1,11,0,1,1,20180531,GSW,CLE,1.0
7896,Shot Chart Detail,41700402,127,2733,Shaun Livingston,1610612744,Golden State Warriors,1,1,44,Made Shot,Dunk Shot,2PT Field Goal,Restricted Area,Center(C),Less Than 8 ft.,1,3,16,1,1,20180603,GSW,CLE,2.0
7897,Shot Chart Detail,41700402,149,2733,Shaun Livingston,1610612744,Golden State Warriors,1,0,47,Made Shot,Pullup Jump shot,2PT Field Goal,Mid-Range,Right Side(R),8-16 ft.,12,122,34,1,1,20180603,GSW,CLE,2.0
7898,Shot Chart Detail,41700402,245,2733,Shaun Livingston,1610612744,Golden State Warriors,2,7,10,Made Shot,Pullup Jump shot,2PT Field Goal,Mid-Range,Left Side(L),8-16 ft.,13,-133,29,1,1,20180603,GSW,CLE,2.0
7899,Shot Chart Detail,41700402,252,2733,Shaun Livingston,1610612744,Golden State Warriors,2,6,39,Made Shot,Driving Layup Shot,2PT Field Goal,Restricted Area,Center(C),Less Than 8 ft.,1,-2,16,1,1,20180603,GSW,CLE,2.0
7900,Shot Chart Detail,41700402,536,2733,Shaun Livingston,1610612744,Golden State Warriors,4,9,39,Made Shot,Cutting Layup Shot,2PT Field Goal,Restricted Area,Center(C),Less Than 8 ft.,2,-25,10,1,1,20180603,GSW,CLE,2.0
8436,Shot Chart Detail,41700401,264,202684,Tristan Thompson,1610612739,Cleveland Cavaliers,2,1,58,Missed Shot,Putback Layup Shot,2PT Field Goal,Restricted Area,Center(C),Less Than 8 ft.,2,13,16,1,0,20180531,GSW,CLE,1.0
8437,Shot Chart Detail,41700401,328,202684,Tristan Thompson,1610612739,Cleveland Cavaliers,3,11,6,Missed Shot,Layup Shot,2PT Field Goal,Restricted Area,Center(C),Less Than 8 ft.,3,-11,31,1,0,20180531,GSW,CLE,1.0
8438,Shot Chart Detail,41700401,333,202684,Tristan Thompson,1610612739,Cleveland Cavaliers,3,8,39,Missed Shot,Layup Shot,2PT Field Goal,Restricted Area,Center(C),Less Than 8 ft.,3,-14,37,1,0,20180531,GSW,CLE,1.0
8439,Shot Chart Detail,41700401,337,202684,Tristan Thompson,1610612739,Cleveland Cavaliers,3,8,12,Made Shot,Turnaround Hook Shot,2PT Field Goal,In The Paint (Non-RA),Center(C),Less Than 8 ft.,6,-6,64,1,1,20180531,GSW,CLE,1.0
8440,Shot Chart Detail,41700402,31,202684,Tristan Thompson,1610612739,Cleveland Cavaliers,1,9,6,Made Shot,Cutting Dunk Shot,2PT Field Goal,Restricted Area,Center(C),Less Than 8 ft.,2,-15,15,1,1,20180603,GSW,CLE,2.0
8441,Shot Chart Detail,41700402,43,202684,Tristan Thompson,1610612739,Cleveland Cavaliers,1,7,50,Missed Shot,Jump Shot,2PT Field Goal,Mid-Range,Center(C),16-24 ft.,18,-11,188,1,0,20180603,GSW,CLE,2.0
8442,Shot Chart Detail,41700402,65,202684,Tristan Thompson,1610612739,Cleveland Cavaliers,1,6,12,Missed Shot,Tip Layup Shot,2PT Field Goal,Restricted Area,Center(C),Less Than 8 ft.,0,0,-6,1,0,20180603,GSW,CLE,2.0
8443,Shot Chart Detail,41700402,276,202684,Tristan Thompson,1610612739,Cleveland Cavaliers,2,4,56,Missed Shot,Hook Shot,2PT Field Goal,In The Paint (Non-RA),Left Side(L),8-16 ft.,8,-58,59,1,0,20180603,GSW,CLE,2.0
8444,Shot Chart Detail,41700402,359,202684,Tristan Thompson,1610612739,Cleveland Cavaliers,3,11,47,Made Shot,Putback Layup Shot,2PT Field Goal,Restricted Area,Center(C),Less Than 8 ft.,1,10,11,1,1,20180603,GSW,CLE,2.0
8445,Shot Chart Detail,41700402,370,202684,Tristan Thompson,1610612739,Cleveland Cavaliers,3,10,23,Made Shot,Layup Shot,2PT Field Goal,Restricted Area,Center(C),Less Than 8 ft.,1,18,7,1,1,20180603,GSW,CLE,2.0
8446,Shot Chart Detail,41700402,405,202684,Tristan Thompson,1610612739,Cleveland Cavaliers,3,6,28,Made Shot,Running Dunk Shot,2PT Field Goal,Restricted Area,Center(C),Less Than 8 ft.,0,0,8,1,1,20180603,GSW,CLE,2.0
8447,Shot Chart Detail,41700402,425,202684,Tristan Thompson,1610612739,Cleveland Cavaliers,3,4,49,Made Shot,Alley Oop Dunk Shot,2PT Field Goal,Restricted Area,Center(C),Less Than 8 ft.,1,11,2,1,1,20180603,GSW,CLE,2.0
9270,Shot Chart Detail,41700401,100,203903,Jordan Clarkson,1610612739,Cleveland Cavaliers,1,3,32,Missed Shot,Pullup Jump shot,2PT Field Goal,Mid-Range,Left Side(L),16-24 ft.,20,-200,12,1,0,20180531,GSW,CLE,1.0
9271,Shot Chart Detail,41700401,119,203903,Jordan Clarkson,1610612739,Cleveland Cavaliers,1,1,46,Missed Shot,Jump Shot,3PT Field Goal,Above the Break 3,Left Side Center(LC),24+ ft.,24,-199,146,1,0,20180531,GSW,CLE,1.0
9272,Shot Chart Detail,41700401,123,203903,Jordan Clarkson,1610612739,Cleveland Cavaliers,1,1,0,Made Shot,Fadeaway Jump Shot,2PT Field Goal,Mid-Range,Right Side(R),8-16 ft.,12,121,8,1,1,20180531,GSW,CLE,1.0
9273,Shot Chart Detail,41700401,127,203903,Jordan Clarkson,1610612739,Cleveland Cavaliers,1,0,38,Missed Shot,Layup Shot,2PT Field Goal,In The Paint (Non-RA),Center(C),Less Than 8 ft.,4,38,14,1,0,20180531,GSW,CLE,1.0
9274,Shot Chart Detail,41700401,203,203903,Jordan Clarkson,1610612739,Cleveland Cavaliers,2,6,41,Missed Shot,Jump Shot,3PT Field Goal,Above the Break 3,Center(C),24+ ft.,26,16,261,1,0,20180531,GSW,CLE,1.0
9275,Shot Chart Detail,41700401,207,203903,Jordan Clarkson,1610612739,Cleveland Cavaliers,2,6,32,Missed Shot,Jump Shot,3PT Field Goal,Above the Break 3,Left Side Center(LC),24+ ft.,25,-154,197,1,0,20180531,GSW,CLE,1.0
9276,Shot Chart Detail,41700401,444,203903,Jordan Clarkson,1610612739,Cleveland Cavaliers,3,0,3,Missed Shot,Jump Shot,2PT Field Goal,Mid-Range,Left Side(L),8-16 ft.,12,-116,34,1,0,20180531,GSW,CLE,1.0
9277,Shot Chart Detail,41700401,500,203903,Jordan Clarkson,1610612739,Cleveland Cavaliers,4,11,8,Missed Shot,Layup Shot,2PT Field Goal,Restricted Area,Center(C),Less Than 8 ft.,0,5,-3,1,0,20180531,GSW,CLE,1.0
9278,Shot Chart Detail,41700401,509,203903,Jordan Clarkson,1610612739,Cleveland Cavaliers,4,8,1,Made Shot,Driving Floating Jump Shot,2PT Field Goal,In The Paint (Non-RA),Center(C),8-16 ft.,8,-7,88,1,1,20180531,GSW,CLE,1.0
9279,Shot Chart Detail,41700402,188,203903,Jordan Clarkson,1610612739,Cleveland Cavaliers,2,10,57,Missed Shot,Jump Shot,2PT Field Goal,Mid-Range,Left Side(L),8-16 ft.,15,-147,37,1,0,20180603,GSW,CLE,2.0
9280,Shot Chart Detail,41700402,195,203903,Jordan Clarkson,1610612739,Cleveland Cavaliers,2,10,33,Made Shot,Cutting Layup Shot,2PT Field Goal,Restricted Area,Center(C),Less Than 8 ft.,2,-10,25,1,1,20180603,GSW,CLE,2.0
9281,Shot Chart Detail,41700402,210,203903,Jordan Clarkson,1610612739,Cleveland Cavaliers,2,9,22,Missed Shot,Pullup Jump shot,2PT Field Goal,Mid-Range,Center(C),16-24 ft.,18,14,184,1,0,20180603,GSW,CLE,2.0
9282,Shot Chart Detail,41700402,637,203903,Jordan Clarkson,1610612739,Cleveland Cavaliers,4,3,17,Missed Shot,Jump Shot,2PT Field Goal,In The Paint (Non-RA),Center(C),8-16 ft.,11,4,113,1,0,20180603,GSW,CLE,2.0
9685,Shot Chart Detail,41700401,372,1626172,Kevon Looney,1610612744,Golden State Warriors,3,5,8,Made Shot,Tip Layup Shot,2PT Field Goal,Restricted Area,Center(C),Less Than 8 ft.,0,0,-6,1,1,20180531,GSW,CLE,1.0
9686,Shot Chart Detail,41700401,421,1626172,Kevon Looney,1610612744,Golden State Warriors,3,1,15,Made Shot,Running Dunk Shot,2PT Field Goal,Restricted Area,Center(C),Less Than 8 ft.,0,-3,4,1,1,20180531,GSW,CLE,1.0
9687,Shot Chart Detail,41700401,507,1626172,Kevon Looney,1610612744,Golden State Warriors,4,8,23,Made Shot,Alley Oop Layup shot,2PT Field Goal,Restricted Area,Center(C),Less Than 8 ft.,0,-9,4,1,1,20180531,GSW,CLE,1.0
9688,Shot Chart Detail,41700401,522,1626172,Kevon Looney,1610612744,Golden State Warriors,4,6,42,Made Shot,Tip Layup Shot,2PT Field Goal,Restricted Area,Center(C),Less Than 8 ft.,0,0,-6,1,1,20180531,GSW,CLE,1.0
9689,Shot Chart Detail,41700401,548,1626172,Kevon Looney,1610612744,Golden State Warriors,4,3,52,Missed Shot,Driving Layup Shot,2PT Field Goal,Restricted Area,Center(C),Less Than 8 ft.,2,17,16,1,0,20180531,GSW,CLE,1.0
9732,Shot Chart Detail,41700401,166,1626204,Larry Nance Jr.,1610612739,Cleveland Cavaliers,2,10,37,Made Shot,Driving Reverse Layup Shot,2PT Field Goal,Restricted Area,Center(C),Less Than 8 ft.,2,-25,5,1,1,20180531,GSW,CLE,1.0
9733,Shot Chart Detail,41700401,179,1626204,Larry Nance Jr.,1610612739,Cleveland Cavaliers,2,8,59,Made Shot,Tip Layup Shot,2PT Field Goal,Restricted Area,Center(C),Less Than 8 ft.,0,0,-6,1,1,20180531,GSW,CLE,1.0
9734,Shot Chart Detail,41700401,187,1626204,Larry Nance Jr.,1610612739,Cleveland Cavaliers,2,8,25,Made Shot,Dunk Shot,2PT Field Goal,Restricted Area,Center(C),Less Than 8 ft.,1,-4,15,1,1,20180531,GSW,CLE,1.0
9735,Shot Chart Detail,41700401,205,1626204,Larry Nance Jr.,1610612739,Cleveland Cavaliers,2,6,40,Missed Shot,Tip Layup Shot,2PT Field Goal,Restricted Area,Center(C),Less Than 8 ft.,0,0,-6,1,0,20180531,GSW,CLE,1.0
9736,Shot Chart Detail,41700401,220,1626204,Larry Nance Jr.,1610612739,Cleveland Cavaliers,2,5,54,Made Shot,Cutting Dunk Shot,2PT Field Goal,Restricted Area,Center(C),Less Than 8 ft.,2,7,21,1,1,20180531,GSW,CLE,1.0
9737,Shot Chart Detail,41700401,399,1626204,Larry Nance Jr.,1610612739,Cleveland Cavaliers,3,3,13,Missed Shot,Tip Layup Shot,2PT Field Goal,Restricted Area,Center(C),Less Than 8 ft.,0,1,4,1,0,20180531,GSW,CLE,1.0
9738,Shot Chart Detail,41700402,184,1626204,Larry Nance Jr.,1610612739,Cleveland Cavaliers,2,11,34,Missed Shot,Fadeaway Jump Shot,2PT Field Goal,Mid-Range,Left Side(L),16-24 ft.,20,-207,22,1,0,20180603,GSW,CLE,2.0
10016,Shot Chart Detail,41700402,647,1626188,Quinn Cook,1610612744,Golden State Warriors,4,2,40,Made Shot,Driving Layup Shot,2PT Field Goal,Restricted Area,Center(C),Less Than 8 ft.,2,3,21,1,1,20180603,GSW,CLE,2.0
10017,Shot Chart Detail,41700402,659,1626188,Quinn Cook,1610612744,Golden State Warriors,4,1,21,Missed Shot,Pullup Jump shot,3PT Field Goal,Right Corner 3,Right Side(R),24+ ft.,22,225,47,1,0,20180603,GSW,CLE,2.0
10018,Shot Chart Detail,41700402,671,1626188,Quinn Cook,1610612744,Golden State Warriors,4,0,27,Missed Shot,Step Back Jump shot,2PT Field Goal,Mid-Range,Center(C),16-24 ft.,19,57,182,1,0,20180603,GSW,CLE,2.0
11012,Shot Chart Detail,41700401,311,201580,JaVale McGee,1610612744,Golden State Warriors,3,10,36,Made Shot,Cutting Dunk Shot,2PT Field Goal,Restricted Area,Center(C),Less Than 8 ft.,1,7,11,1,1,20180531,GSW,CLE,1.0
11013,Shot Chart Detail,41700401,315,201580,JaVale McGee,1610612744,Golden State Warriors,3,10,12,Made Shot,Layup Shot,2PT Field Goal,Restricted Area,Center(C),Less Than 8 ft.,1,11,9,1,1,20180531,GSW,CLE,1.0
11014,Shot Chart Detail,41700401,339,201580,JaVale McGee,1610612744,Golden State Warriors,3,7,48,Missed Shot,Dunk Shot,2PT Field Goal,Restricted Area,Center(C),Less Than 8 ft.,0,-6,6,1,0,20180531,GSW,CLE,1.0
11015,Shot Chart Detail,41700402,7,201580,JaVale McGee,1610612744,Golden State Warriors,1,11,49,Made Shot,Cutting Dunk Shot,2PT Field Goal,Restricted Area,Center(C),Less Than 8 ft.,1,-5,12,1,1,20180603,GSW,CLE,2.0
11016,Shot Chart Detail,41700402,11,201580,JaVale McGee,1610612744,Golden State Warriors,1,11,18,Made Shot,Dunk Shot,2PT Field Goal,Restricted Area,Center(C),Less Than 8 ft.,1,5,12,1,1,20180603,GSW,CLE,2.0
11017,Shot Chart Detail,41700402,285,201580,JaVale McGee,1610612744,Golden State Warriors,2,4,30,Made Shot,Turnaround Hook Shot,2PT Field Goal,In The Paint (Non-RA),Center(C),Less Than 8 ft.,7,18,70,1,1,20180603,GSW,CLE,2.0
11018,Shot Chart Detail,41700402,301,201580,JaVale McGee,1610612744,Golden State Warriors,2,3,31,Made Shot,Cutting Dunk Shot,2PT Field Goal,Restricted Area,Center(C),Less Than 8 ft.,1,-1,10,1,1,20180603,GSW,CLE,2.0
11019,Shot Chart Detail,41700402,372,201580,JaVale McGee,1610612744,Golden State Warriors,3,10,4,Made Shot,Cutting Dunk Shot,2PT Field Goal,Restricted Area,Center(C),Less Than 8 ft.,1,-13,1,1,1,20180603,GSW,CLE,2.0
11020,Shot Chart Detail,41700402,388,201580,JaVale McGee,1610612744,Golden State Warriors,3,8,36,Made Shot,Cutting Dunk Shot,2PT Field Goal,Restricted Area,Center(C),Less Than 8 ft.,1,-4,16,1,1,20180603,GSW,CLE,2.0
11184,Shot Chart Detail,41700402,615,203918,Rodney Hood,1610612739,Cleveland Cavaliers,4,3,55,Missed Shot,Jump Shot,3PT Field Goal,Above the Break 3,Center(C),24+ ft.,27,-14,272,1,0,20180603,GSW,CLE,2.0
11185,Shot Chart Detail,41700402,673,203918,Rodney Hood,1610612739,Cleveland Cavaliers,4,0,16,Made Shot,Driving Dunk Shot,2PT Field Goal,Restricted Area,Center(C),Less Than 8 ft.,1,-5,10,1,1,20180603,GSW,CLE,2.0
11666,Shot Chart Detail,41700401,170,2561,David West,1610612744,Golden State Warriors,2,9,51,Made Shot,Layup Shot,2PT Field Goal,Restricted Area,Center(C),Less Than 8 ft.,3,18,28,1,1,20180531,GSW,CLE,1.0
11667,Shot Chart Detail,41700402,488,2561,David West,1610612744,Golden State Warriors,3,0,4,Made Shot,Jump Shot,3PT Field Goal,Left Corner 3,Left Side(L),24+ ft.,23,-234,-1,1,1,20180603,GSW,CLE,2.0
11955,Shot Chart Detail,41700401,79,201156,Nick Young,1610612744,Golden State Warriors,1,4,46,Made Shot,Turnaround Fadeaway shot,2PT Field Goal,Mid-Range,Right Side(R),8-16 ft.,9,90,34,1,1,20180531,GSW,CLE,1.0
11956,Shot Chart Detail,41700401,117,201156,Nick Young,1610612744,Golden State Warriors,1,2,3,Missed Shot,Jump Shot,3PT Field Goal,Above the Break 3,Left Side Center(LC),24+ ft.,29,-177,232,1,0,20180531,GSW,CLE,1.0
11957,Shot Chart Detail,41700401,290,201156,Nick Young,1610612744,Golden State Warriors,2,0,32,Missed Shot,Jump Shot,3PT Field Goal,Right Corner 3,Right Side(R),24+ ft.,23,225,49,1,0,20180531,GSW,CLE,1.0
11958,Shot Chart Detail,41700401,442,201156,Nick Young,1610612744,Golden State Warriors,3,0,23,Missed Shot,Step Back Jump shot,2PT Field Goal,Mid-Range,Right Side Center(RC),16-24 ft.,18,103,150,1,0,20180531,GSW,CLE,1.0
11959,Shot Chart Detail,41700402,310,201156,Nick Young,1610612744,Golden State Warriors,2,3,1,Missed Shot,Jump Shot,3PT Field Goal,Right Corner 3,Right Side(R),24+ ft.,24,232,67,1,0,20180603,GSW,CLE,2.0
11960,Shot Chart Detail,41700402,312,201156,Nick Young,1610612744,Golden State Warriors,2,2,53,Missed Shot,Jump Shot,3PT Field Goal,Right Corner 3,Right Side(R),24+ ft.,23,233,6,1,0,20180603,GSW,CLE,2.0
11961,Shot Chart Detail,41700402,520,201156,Nick Young,1610612744,Golden State Warriors,4,11,21,Missed Shot,Jump Shot,3PT Field Goal,Above the Break 3,Left Side Center(LC),24+ ft.,25,-218,137,1,0,20180603,GSW,CLE,2.0
11962,Shot Chart Detail,41700402,650,201156,Nick Young,1610612744,Golden State Warriors,4,2,10,Missed Shot,Driving Floating Jump Shot,2PT Field Goal,In The Paint (Non-RA),Center(C),8-16 ft.,9,14,94,1,0,20180603,GSW,CLE,2.0
11963,Shot Chart Detail,41700402,669,201156,Nick Young,1610612744,Golden State Warriors,4,0,38,Missed Shot,Pullup Jump shot,3PT Field Goal,Right Corner 3,Right Side(R),24+ ft.,22,225,41,1,0,20180603,GSW,CLE,2.0
12803,Shot Chart Detail,41700401,67,1628395,Jordan Bell,1610612744,Golden State Warriors,1,5,28,Made Shot,Layup Shot,2PT Field Goal,Restricted Area,Center(C),Less Than 8 ft.,3,-16,29,1,1,20180531,GSW,CLE,1.0
12804,Shot Chart Detail,41700401,105,1628395,Jordan Bell,1610612744,Golden State Warriors,1,2,53,Made Shot,Cutting Dunk Shot,2PT Field Goal,Restricted Area,Center(C),Less Than 8 ft.,1,-1,13,1,1,20180531,GSW,CLE,1.0
12805,Shot Chart Detail,41700401,446,1628395,Jordan Bell,1610612744,Golden State Warriors,3,0,0,Missed Shot,Pullup Jump shot,3PT Field Goal,Backcourt,Back Court(BC),Back Court Shot,62,-3,629,1,0,20180531,GSW,CLE,1.0
12806,Shot Chart Detail,41700402,101,1628395,Jordan Bell,1610612744,Golden State Warriors,1,3,32,Made Shot,Alley Oop Dunk Shot,2PT Field Goal,Restricted Area,Center(C),Less Than 8 ft.,0,2,8,1,1,20180603,GSW,CLE,2.0
12807,Shot Chart Detail,41700402,120,1628395,Jordan Bell,1610612744,Golden State Warriors,1,2,30,Missed Shot,Turnaround Jump Shot,2PT Field Goal,Mid-Range,Left Side(L),8-16 ft.,14,-109,97,1,0,20180603,GSW,CLE,2.0
12808,Shot Chart Detail,41700402,413,1628395,Jordan Bell,1610612744,Golden State Warriors,3,6,8,Made Shot,Cutting Dunk Shot,2PT Field Goal,Restricted Area,Center(C),Less Than 8 ft.,2,-18,19,1,1,20180603,GSW,CLE,2.0
12928,Shot Chart Detail,41700402,643,101181,Jose Calderon,1610612739,Cleveland Cavaliers,4,2,56,Missed Shot,Driving Layup Shot,2PT Field Goal,In The Paint (Non-RA),Center(C),Less Than 8 ft.,4,18,43,1,0,20180603,GSW,CLE,2.0
12929,Shot Chart Detail,41700402,646,101181,Jose Calderon,1610612739,Cleveland Cavaliers,4,2,50,Made Shot,Layup Shot,2PT Field Goal,Restricted Area,Center(C),Less Than 8 ft.,1,16,8,1,1,20180603,GSW,CLE,2.0
12930,Shot Chart Detail,41700402,668,101181,Jose Calderon,1610612739,Cleveland Cavaliers,4,0,53,Made Shot,Running Jump Shot,2PT Field Goal,Mid-Range,Left Side Center(LC),16-24 ft.,17,-110,138,1,1,20180603,GSW,CLE,2.0
13219,Shot Chart Detail,41700402,655,2585,Zaza Pachulia,1610612744,Golden State Warriors,4,1,46,Missed Shot,Cutting Layup Shot,2PT Field Goal,Restricted Area,Center(C),Less Than 8 ft.,2,1,20,1,0,20180603,GSW,CLE,2.0
13220,Shot Chart Detail,41700402,657,2585,Zaza Pachulia,1610612744,Golden State Warriors,4,1,45,Made Shot,Tip Layup Shot,2PT Field Goal,Restricted Area,Center(C),Less Than 8 ft.,0,0,-6,1,1,20180603,GSW,CLE,2.0
13263,Shot Chart Detail,41700402,648,1626224,Cedi Osman,1610612739,Cleveland Cavaliers,4,2,31,Missed Shot,Pullup Jump shot,3PT Field Goal,Above the Break 3,Right Side Center(RC),24+ ft.,26,140,223,1,0,20180603,GSW,CLE,2.0
13264,Shot Chart Detail,41700402,652,1626224,Cedi Osman,1610612739,Cleveland Cavaliers,4,2,5,Made Shot,Running Layup Shot,2PT Field Goal,Restricted Area,Center(C),Less Than 8 ft.,1,6,18,1,1,20180603,GSW,CLE,2.0
13349,Shot Chart Detail,41700402,661,1627790,Ante Zizic,1610612739,Cleveland Cavaliers,4,1,15,Made Shot,Running Layup Shot,2PT Field Goal,Restricted Area,Center(C),Less Than 8 ft.,1,13,15,1,1,20180603,GSW,CLE,2.0
